date,risk_value,daily_variation,trend
2016-04-01,14.05,0.0,No Change
2016-04-02,14.06,0.009999999999999787,Increase
2016-04-03,14.06,0.0,No Change
2016-04-04,14.06,0.0,No Change
2016-04-05,14.1,0.03999999999999915,Increase
2016-04-06,14.11,0.009999999999999787,Increase
2016-04-07,14.12,0.009999999999999787,Increase
2016-04-08,14.14,0.02000000000000135,Increase
2016-04-09,14.15,0.009999999999999787,Increase
2016-04-10,14.15,0.0,No Change
2016-04-11,14.15,0.0,No Change
2016-04-12,14.18,0.02999999999999936,Increase
2016-04-13,14.2,0.019999999999999574,Increase
2016-04-14,14.21,0.010000000000001563,Increase
2016-04-15,14.22,0.009999999999999787,Increase
2016-04-16,14.23,0.009999999999999787,Increase
2016-04-17,14.23,0.0,No Change
2016-04-18,14.23,0.0,No Change
2016-04-19,14.27,0.03999999999999915,Increase
2016-04-20,14.28,0.009999999999999787,Increase
2016-04-21,14.29,0.009999999999999787,Increase
2016-04-22,14.31,0.02000000000000135,Increase
2016-04-23,14.32,0.009999999999999787,Increase
2016-04-24,14.32,0.0,No Change
2016-04-25,14.32,0.0,No Change
2016-04-26,14.36,0.03999999999999915,Increase
2016-04-27,14.37,0.009999999999999787,Increase
2016-04-28,14.38,0.010000000000001563,Increase
2016-04-29,14.4,0.019999999999999574,Increase
2016-04-30,14.41,0.009999999999999787,Increase
2016-05-01,14.41,0.0,No Change
2016-05-02,14.41,0.0,No Change
2016-05-03,14.46,0.05000000000000071,Increase
2016-05-04,14.47,0.009999999999999787,Increase
2016-05-05,14.48,0.009999999999999787,Increase
2016-05-06,14.5,0.019999999999999574,Increase
2016-05-07,14.51,0.009999999999999787,Increase
2016-05-08,14.51,0.0,No Change
2016-05-09,14.51,0.0,No Change
2016-05-10,14.55,0.040000000000000924,Increase
2016-05-11,14.57,0.019999999999999574,Increase
2016-05-12,14.58,0.009999999999999787,Increase
2016-05-13,14.6,0.019999999999999574,Increase
2016-05-14,14.61,0.009999999999999787,Increase
2016-05-15,14.61,0.0,No Change
2016-05-16,14.61,0.0,No Change
2016-05-17,14.65,0.040000000000000924,Increase
2016-05-18,14.67,0.019999999999999574,Increase
2016-05-19,14.68,0.009999999999999787,Increase
2016-05-20,14.7,0.019999999999999574,Increase
2016-05-21,14.71,0.010000000000001563,Increase
2016-05-22,14.71,0.0,No Change
2016-05-23,14.71,0.0,No Change
2016-05-24,14.75,0.03999999999999915,Increase
2016-05-25,14.77,0.019999999999999574,Increase
2016-05-26,14.77,0.0,No Change
2016-05-27,14.8,0.030000000000001137,Increase
2016-05-28,14.82,0.019999999999999574,Increase
2016-05-29,14.82,0.0,No Change
2016-05-30,14.82,0.0,No Change
2016-05-31,14.86,0.03999999999999915,Increase
2016-06-01,14.88,0.02000000000000135,Increase
2016-06-02,14.9,0.019999999999999574,Increase
2016-06-03,14.91,0.009999999999999787,Increase
2016-06-04,14.93,0.019999999999999574,Increase
2016-06-05,14.93,0.0,No Change
2016-06-06,14.93,0.0,No Change
2016-06-07,14.98,0.05000000000000071,Increase
2016-06-08,14.99,0.009999999999999787,Increase
2016-06-09,15.01,0.019999999999999574,Increase
2016-06-10,15.02,0.009999999999999787,Increase
2016-06-11,15.04,0.019999999999999574,Increase
2016-06-12,15.04,0.0,No Change
2016-06-13,15.04,0.0,No Change
2016-06-14,15.09,0.05000000000000071,Increase
2016-06-15,15.11,0.019999999999999574,Increase
2016-06-16,15.12,0.009999999999999787,Increase
2016-06-17,15.14,0.02000000000000135,Increase
2016-06-18,15.14,0.0,No Change
2016-06-19,15.14,0.0,No Change
2016-06-20,15.14,0.0,No Change
2016-06-21,15.14,0.0,No Change
2016-06-22,15.22,0.08000000000000007,Increase
2016-06-23,15.24,0.019999999999999574,Increase
2016-06-24,15.25,0.009999999999999787,Increase
2016-06-25,15.27,0.019999999999999574,Increase
2016-06-26,15.27,0.0,No Change
2016-06-27,15.27,0.0,No Change
2016-06-28,15.33,0.0600000000000005,Increase
2016-06-29,15.35,0.019999999999999574,Increase
2016-06-30,15.37,0.019999999999999574,Increase
2016-07-01,15.39,0.02000000000000135,Increase
2016-07-02,15.41,0.019999999999999574,Increase
2016-07-03,15.41,0.0,No Change
2016-07-04,15.41,0.0,No Change
2016-07-05,15.48,0.07000000000000028,Increase
2016-07-06,15.5,0.019999999999999574,Increase
2016-07-07,15.52,0.019999999999999574,Increase
2016-07-08,15.54,0.019999999999999574,Increase
2016-07-09,15.54,0.0,No Change
2016-07-10,15.54,0.0,No Change
2016-07-11,15.54,0.0,No Change
2016-07-12,15.62,0.08000000000000007,Increase
2016-07-13,15.65,0.030000000000001137,Increase
2016-07-14,15.67,0.019999999999999574,Increase
2016-07-15,15.69,0.019999999999999574,Increase
2016-07-16,15.71,0.02000000000000135,Increase
2016-07-17,15.71,0.0,No Change
2016-07-18,15.71,0.0,No Change
2016-07-19,15.76,0.049999999999998934,Increase
2016-07-20,15.77,0.009999999999999787,Increase
2016-07-21,15.79,0.019999999999999574,Increase
2016-07-22,15.8,0.010000000000001563,Increase
2016-07-23,15.82,0.019999999999999574,Increase
2016-07-24,15.82,0.0,No Change
2016-07-25,15.82,0.0,No Change
2016-07-26,15.86,0.03999999999999915,Increase
2016-07-27,15.88,0.02000000000000135,Increase
2016-07-28,15.9,0.019999999999999574,Increase
2016-07-29,15.91,0.009999999999999787,Increase
2016-07-30,15.93,0.019999999999999574,Increase
2016-07-31,15.93,0.0,No Change
2016-08-01,15.93,0.0,No Change
2016-08-02,15.97,0.040000000000000924,Increase
2016-08-03,15.99,0.019999999999999574,Increase
2016-08-04,16.0,0.009999999999999787,Increase
2016-08-05,16.02,0.019999999999999574,Increase
2016-08-06,16.04,0.019999999999999574,Increase
2016-08-07,16.04,0.0,No Change
2016-08-08,16.04,0.0,No Change
2016-08-09,16.08,0.03999999999999915,Increase
2016-08-10,16.1,0.020000000000003126,Increase
2016-08-11,16.11,0.00999999999999801,Increase
2016-08-12,16.13,0.019999999999999574,Increase
2016-08-13,16.15,0.019999999999999574,Increase
2016-08-14,16.15,0.0,No Change
2016-08-15,16.15,0.0,No Change
2016-08-16,16.15,0.0,No Change
2016-08-17,16.2,0.05000000000000071,Increase
2016-08-18,16.21,0.010000000000001563,Increase
2016-08-19,16.22,0.00999999999999801,Increase
2016-08-20,16.23,0.010000000000001563,Increase
2016-08-21,16.23,0.0,No Change
2016-08-22,16.23,0.0,No Change
2016-08-23,16.26,0.030000000000001137,Increase
2016-08-24,16.27,0.00999999999999801,Increase
2016-08-25,16.28,0.010000000000001563,Increase
2016-08-26,16.29,0.00999999999999801,Increase
2016-08-27,16.3,0.010000000000001563,Increase
2016-08-28,16.3,0.0,No Change
2016-08-29,16.3,0.0,No Change
2016-08-30,16.34,0.03999999999999915,Increase
2016-08-31,16.35,0.010000000000001563,Increase
2016-09-01,16.36,0.00999999999999801,Increase
2016-09-02,16.37,0.010000000000001563,Increase
2016-09-03,16.38,0.00999999999999801,Increase
2016-09-04,16.38,0.0,No Change
2016-09-05,16.38,0.0,No Change
2016-09-06,16.41,0.030000000000001137,Increase
2016-09-07,16.42,0.010000000000001563,Increase
2016-09-08,16.43,0.00999999999999801,Increase
2016-09-09,16.44,0.010000000000001563,Increase
2016-09-10,16.45,0.00999999999999801,Increase
2016-09-11,16.45,0.0,No Change
2016-09-12,16.45,0.0,No Change
2016-09-13,16.48,0.030000000000001137,Increase
2016-09-14,16.49,0.00999999999999801,Increase
2016-09-15,16.5,0.010000000000001563,Increase
2016-09-16,16.51,0.010000000000001563,Increase
2016-09-17,16.51,0.0,No Change
2016-09-18,16.51,0.0,No Change
2016-09-19,16.51,0.0,No Change
2016-09-20,16.51,0.0,No Change
2016-09-21,16.51,0.0,No Change
2016-09-22,16.52,0.00999999999999801,Increase
2016-09-23,16.52,0.0,No Change
2016-09-24,16.52,0.0,No Change
2016-09-25,16.52,0.0,No Change
2016-09-26,16.52,0.0,No Change
2016-09-27,16.52,0.0,No Change
2016-09-28,16.52,0.0,No Change
2016-09-29,16.52,0.0,No Change
2016-09-30,16.52,0.0,No Change
2016-10-01,16.52,0.0,No Change
2016-10-02,16.52,0.0,No Change
2016-10-03,16.52,0.0,No Change
2016-10-04,16.53,0.010000000000001563,Increase
2016-10-05,16.53,0.0,No Change
2016-10-06,16.53,0.0,No Change
2016-10-07,16.53,0.0,No Change
2016-10-08,16.53,0.0,No Change
2016-10-09,16.53,0.0,No Change
2016-10-10,16.53,0.0,No Change
2016-10-11,16.53,0.0,No Change
2016-10-12,16.54,0.00999999999999801,Increase
2016-10-13,16.54,0.0,No Change
2016-10-14,16.54,0.0,No Change
2016-10-15,16.54,0.0,No Change
2016-10-16,16.54,0.0,No Change
2016-10-17,16.54,0.0,No Change
2016-10-18,16.55,0.010000000000001563,Increase
2016-10-19,16.56,0.00999999999999801,Increase
2016-10-20,16.56,0.0,No Change
2016-10-21,16.57,0.010000000000001563,Increase
2016-10-22,16.57,0.0,No Change
2016-10-23,16.57,0.0,No Change
2016-10-24,16.57,0.0,No Change
2016-10-25,16.59,0.019999999999999574,Increase
2016-10-26,16.6,0.010000000000001563,Increase
2016-10-27,16.6,0.0,No Change
2016-10-28,16.61,0.00999999999999801,Increase
2016-10-29,16.62,0.010000000000001563,Increase
2016-10-30,16.62,0.0,No Change
2016-10-31,16.62,0.0,No Change
2016-11-01,16.63,0.00999999999999801,Increase
2016-11-02,16.64,0.010000000000001563,Increase
2016-11-03,16.64,0.0,No Change
2016-11-04,16.65,0.00999999999999801,Increase
2016-11-05,16.66,0.010000000000001563,Increase
2016-11-06,16.66,0.0,No Change
2016-11-07,16.66,0.0,No Change
2016-11-08,16.67,0.010000000000001563,Increase
2016-11-09,16.68,0.00999999999999801,Increase
2016-11-10,16.69,0.010000000000001563,Increase
2016-11-11,16.69,0.0,No Change
2016-11-12,16.7,0.00999999999999801,Increase
2016-11-13,16.7,0.0,No Change
2016-11-14,16.7,0.0,No Change
2016-11-15,16.72,0.019999999999999574,Increase
2016-11-16,16.72,0.0,No Change
2016-11-17,16.73,0.010000000000001563,Increase
2016-11-18,16.75,0.019999999999999574,Increase
2016-11-19,16.76,0.010000000000001563,Increase
2016-11-20,16.76,0.0,No Change
2016-11-21,16.76,0.0,No Change
2016-11-22,16.8,0.03999999999999915,Increase
2016-11-23,16.82,0.019999999999999574,Increase
2016-11-24,16.83,0.00999999999999801,Increase
2016-11-25,16.84,0.010000000000001563,Increase
2016-11-26,16.86,0.019999999999999574,Increase
2016-11-27,16.86,0.0,No Change
2016-11-28,16.86,0.0,No Change
2016-11-29,16.86,0.0,No Change
2016-11-30,16.91,0.05000000000000071,Increase
2016-12-01,16.92,0.010000000000001563,Increase
2016-12-02,16.94,0.019999999999999574,Increase
2016-12-03,16.95,0.00999999999999801,Increase
2016-12-04,16.95,0.0,No Change
2016-12-05,16.95,0.0,No Change
2016-12-06,16.99,0.03999999999999915,Increase
2016-12-07,17.0,0.010000000000001563,Increase
2016-12-08,17.02,0.019999999999999574,Increase
2016-12-09,17.02,0.0,No Change
2016-12-10,17.02,0.0,No Change
2016-12-11,17.02,0.0,No Change
2016-12-12,17.02,0.0,No Change
2016-12-13,17.09,0.07000000000000028,Increase
2016-12-14,17.1,0.010000000000001563,Increase
2016-12-15,17.11,0.00999999999999801,Increase
2016-12-16,17.13,0.019999999999999574,Increase
2016-12-17,17.14,0.010000000000001563,Increase
2016-12-18,17.14,0.0,No Change
2016-12-19,17.14,0.0,No Change
2016-12-20,17.16,0.019999999999999574,Increase
2016-12-21,17.17,0.010000000000001563,Increase
2016-12-22,17.18,0.00999999999999801,Increase
2016-12-23,17.19,0.010000000000001563,Increase
2016-12-24,17.2,0.00999999999999801,Increase
2016-12-25,17.2,0.0,No Change
2016-12-26,17.2,0.0,No Change
2016-12-27,17.22,0.019999999999999574,Increase
2016-12-28,17.23,0.010000000000001563,Increase
2016-12-29,17.24,0.00999999999999801,Increase
2016-12-30,17.25,0.010000000000001563,Increase
2016-12-31,17.26,0.010000000000001563,Increase
2017-01-01,17.26,0.0,No Change
2017-01-02,17.26,0.0,No Change
2017-01-03,17.29,0.029999999999997584,Increase
2017-01-04,17.29,0.0,No Change
2017-01-05,17.3,0.010000000000001563,Increase
2017-01-06,17.31,0.00999999999999801,Increase
2017-01-07,17.32,0.010000000000001563,Increase
2017-01-08,17.32,0.0,No Change
2017-01-09,17.32,0.0,No Change
2017-01-10,17.35,0.030000000000001137,Increase
2017-01-11,17.36,0.00999999999999801,Increase
2017-01-12,17.36,0.0,No Change
2017-01-13,17.37,0.010000000000001563,Increase
2017-01-14,17.38,0.00999999999999801,Increase
2017-01-15,17.38,0.0,No Change
2017-01-16,17.38,0.0,No Change
2017-01-17,17.41,0.030000000000001137,Increase
2017-01-18,17.41,0.0,No Change
2017-01-19,17.42,0.010000000000001563,Increase
2017-01-20,17.43,0.00999999999999801,Increase
2017-01-21,17.43,0.0,No Change
2017-01-22,17.43,0.0,No Change
2017-01-23,17.43,0.0,No Change
2017-01-24,17.45,0.019999999999999574,Increase
2017-01-25,17.46,0.010000000000001563,Increase
2017-01-26,17.47,0.00999999999999801,Increase
2017-01-27,17.47,0.0,No Change
2017-01-28,17.48,0.010000000000001563,Increase
2017-01-29,17.48,0.0,No Change
2017-01-30,17.48,0.0,No Change
2017-01-31,17.5,0.019999999999999574,Increase
2017-02-01,17.51,0.010000000000001563,Increase
2017-02-02,17.51,0.0,No Change
2017-02-03,17.52,0.00999999999999801,Increase
2017-02-04,17.53,0.010000000000001563,Increase
2017-02-05,17.53,0.0,No Change
2017-02-06,17.53,0.0,No Change
2017-02-07,17.55,0.019999999999999574,Increase
2017-02-08,17.56,0.00999999999999801,Increase
2017-02-09,17.56,0.0,No Change
2017-02-10,17.57,0.010000000000001563,Increase
2017-02-11,17.58,0.00999999999999801,Increase
2017-02-12,17.58,0.0,No Change
2017-02-13,17.58,0.0,No Change
2017-02-14,17.6,0.020000000000003126,Increase
2017-02-15,17.6,0.0,No Change
2017-02-16,17.61,0.00999999999999801,Increase
2017-02-17,17.62,0.010000000000001563,Increase
2017-02-18,17.63,0.00999999999999801,Increase
2017-02-19,17.63,0.0,No Change
2017-02-20,17.63,0.0,No Change
2017-02-21,17.65,0.019999999999999574,Increase
2017-02-22,17.66,0.010000000000001563,Increase
2017-02-23,17.67,0.010000000000001563,Increase
2017-02-24,17.67,0.0,No Change
2017-02-25,17.68,0.00999999999999801,Increase
2017-02-26,17.68,0.0,No Change
2017-02-27,17.68,0.0,No Change
2017-02-28,17.68,0.0,No Change
2017-03-01,17.68,0.0,No Change
2017-03-02,17.72,0.03999999999999915,Increase
2017-03-03,17.73,0.010000000000001563,Increase
2017-03-04,17.74,0.00999999999999801,Increase
2017-03-05,17.74,0.0,No Change
2017-03-06,17.74,0.0,No Change
2017-03-07,17.76,0.020000000000003126,Increase
2017-03-08,17.77,0.00999999999999801,Increase
2017-03-09,17.78,0.010000000000001563,Increase
2017-03-10,17.79,0.00999999999999801,Increase
2017-03-11,17.8,0.010000000000001563,Increase
2017-03-12,17.8,0.0,No Change
2017-03-13,17.8,0.0,No Change
2017-03-14,17.82,0.019999999999999574,Increase
2017-03-15,17.83,0.00999999999999801,Increase
2017-03-16,17.84,0.010000000000001563,Increase
2017-03-17,17.85,0.010000000000001563,Increase
2017-03-18,17.87,0.019999999999999574,Increase
2017-03-19,17.87,0.0,No Change
2017-03-20,17.87,0.0,No Change
2017-03-21,17.91,0.03999999999999915,Increase
2017-03-22,17.92,0.010000000000001563,Increase
2017-03-23,17.94,0.019999999999999574,Increase
2017-03-24,17.95,0.00999999999999801,Increase
2017-03-25,17.95,0.0,No Change
2017-03-26,17.95,0.0,No Change
2017-03-27,17.95,0.0,No Change
2017-03-28,18.01,0.060000000000002274,Increase
2017-03-29,18.02,0.00999999999999801,Increase
2017-03-30,18.04,0.019999999999999574,Increase
2017-03-31,18.05,0.010000000000001563,Increase
2017-04-01,18.07,0.019999999999999574,Increase
2017-04-02,18.07,0.0,No Change
2017-04-03,18.07,0.0,No Change
2017-04-04,18.11,0.03999999999999915,Increase
2017-04-05,18.13,0.019999999999999574,Increase
2017-04-06,18.14,0.010000000000001563,Increase
2017-04-07,18.16,0.019999999999999574,Increase
2017-04-08,18.17,0.010000000000001563,Increase
2017-04-09,18.17,0.0,No Change
2017-04-10,18.17,0.0,No Change
2017-04-11,18.22,0.04999999999999716,Increase
2017-04-12,18.23,0.010000000000001563,Increase
2017-04-13,18.24,0.00999999999999801,Increase
2017-04-14,18.24,0.0,No Change
2017-04-15,18.24,0.0,No Change
2017-04-16,18.24,0.0,No Change
2017-04-17,18.24,0.0,No Change
2017-04-18,18.32,0.08000000000000185,Increase
2017-04-19,18.33,0.00999999999999801,Increase
2017-04-20,18.35,0.020000000000003126,Increase
2017-04-21,18.36,0.00999999999999801,Increase
2017-04-22,18.38,0.019999999999999574,Increase
2017-04-23,18.38,0.0,No Change
2017-04-24,18.38,0.0,No Change
2017-04-25,18.42,0.0400000000000027,Increase
2017-04-26,18.43,0.00999999999999801,Increase
2017-04-27,18.45,0.019999999999999574,Increase
2017-04-28,18.46,0.010000000000001563,Increase
2017-04-29,18.48,0.019999999999999574,Increase
2017-04-30,18.48,0.0,No Change
2017-05-01,18.48,0.0,No Change
2017-05-02,18.48,0.0,No Change
2017-05-03,18.54,0.05999999999999872,Increase
2017-05-04,18.55,0.010000000000001563,Increase
2017-05-05,18.56,0.00999999999999801,Increase
2017-05-06,18.58,0.019999999999999574,Increase
2017-05-07,18.58,0.0,No Change
2017-05-08,18.58,0.0,No Change
2017-05-09,18.62,0.0400000000000027,Increase
2017-05-10,18.64,0.019999999999999574,Increase
2017-05-11,18.65,0.00999999999999801,Increase
2017-05-12,18.67,0.020000000000003126,Increase
2017-05-13,18.68,0.00999999999999801,Increase
2017-05-14,18.68,0.0,No Change
2017-05-15,18.68,0.0,No Change
2017-05-16,18.73,0.05000000000000071,Increase
2017-05-17,18.74,0.00999999999999801,Increase
2017-05-18,18.76,0.020000000000003126,Increase
2017-05-19,18.77,0.00999999999999801,Increase
2017-05-20,18.79,0.019999999999999574,Increase
2017-05-21,18.79,0.0,No Change
2017-05-22,18.79,0.0,No Change
2017-05-23,18.83,0.03999999999999915,Increase
2017-05-24,18.85,0.020000000000003126,Increase
2017-05-25,18.87,0.019999999999999574,Increase
2017-05-26,18.87,0.0,No Change
2017-05-27,18.9,0.029999999999997584,Increase
2017-05-28,18.9,0.0,No Change
2017-05-29,18.9,0.0,No Change
2017-05-30,18.94,0.0400000000000027,Increase
2017-05-31,18.96,0.019999999999999574,Increase
2017-06-01,18.97,0.00999999999999801,Increase
2017-06-02,18.99,0.019999999999999574,Increase
2017-06-03,19.0,0.010000000000001563,Increase
2017-06-04,19.0,0.0,No Change
2017-06-05,19.0,0.0,No Change
2017-06-06,19.05,0.05000000000000071,Increase
2017-06-07,19.07,0.019999999999999574,Increase
2017-06-08,19.08,0.00999999999999801,Increase
2017-06-09,19.1,0.020000000000003126,Increase
2017-06-10,19.11,0.00999999999999801,Increase
2017-06-11,19.11,0.0,No Change
2017-06-12,19.11,0.0,No Change
2017-06-13,19.16,0.05000000000000071,Increase
2017-06-14,19.18,0.019999999999999574,Increase
2017-06-15,19.19,0.010000000000001563,Increase
2017-06-16,19.21,0.019999999999999574,Increase
2017-06-17,19.22,0.00999999999999801,Increase
2017-06-18,19.22,0.0,No Change
2017-06-19,19.22,0.0,No Change
2017-06-20,19.24,0.019999999999999574,Increase
2017-06-21,19.24,0.0,No Change
2017-06-22,19.26,0.020000000000003126,Increase
2017-06-23,19.27,0.00999999999999801,Increase
2017-06-24,19.28,0.010000000000001563,Increase
2017-06-25,19.28,0.0,No Change
2017-06-26,19.28,0.0,No Change
2017-06-27,19.3,0.019999999999999574,Increase
2017-06-28,19.31,0.00999999999999801,Increase
2017-06-29,19.32,0.010000000000001563,Increase
2017-06-30,19.33,0.00999999999999801,Increase
2017-07-01,19.34,0.010000000000001563,Increase
2017-07-02,19.34,0.0,No Change
2017-07-03,19.34,0.0,No Change
2017-07-04,19.36,0.019999999999999574,Increase
2017-07-05,19.37,0.010000000000001563,Increase
2017-07-06,19.38,0.00999999999999801,Increase
2017-07-07,19.39,0.010000000000001563,Increase
2017-07-08,19.4,0.00999999999999801,Increase
2017-07-09,19.4,0.0,No Change
2017-07-10,19.4,0.0,No Change
2017-07-11,19.42,0.020000000000003126,Increase
2017-07-12,19.43,0.00999999999999801,Increase
2017-07-13,19.44,0.010000000000001563,Increase
2017-07-14,19.45,0.00999999999999801,Increase
2017-07-15,19.46,0.010000000000001563,Increase
2017-07-16,19.46,0.0,No Change
2017-07-17,19.46,0.0,No Change
2017-07-18,19.48,0.019999999999999574,Increase
2017-07-19,19.49,0.00999999999999801,Increase
2017-07-20,19.49,0.0,No Change
2017-07-21,19.5,0.010000000000001563,Increase
2017-07-22,19.51,0.010000000000001563,Increase
2017-07-23,19.51,0.0,No Change
2017-07-24,19.51,0.0,No Change
2017-07-25,19.53,0.019999999999999574,Increase
2017-07-26,19.54,0.00999999999999801,Increase
2017-07-27,19.55,0.010000000000001563,Increase
2017-07-28,19.55,0.0,No Change
2017-07-29,19.56,0.00999999999999801,Increase
2017-07-30,19.56,0.0,No Change
2017-07-31,19.56,0.0,No Change
2017-08-01,19.58,0.019999999999999574,Increase
2017-08-02,19.59,0.010000000000001563,Increase
2017-08-03,19.6,0.010000000000001563,Increase
2017-08-04,19.6,0.0,No Change
2017-08-05,19.61,0.00999999999999801,Increase
2017-08-06,19.61,0.0,No Change
2017-08-07,19.61,0.0,No Change
2017-08-08,19.63,0.019999999999999574,Increase
2017-08-09,19.64,0.010000000000001563,Increase
2017-08-10,19.65,0.00999999999999801,Increase
2017-08-11,19.65,0.0,No Change
2017-08-12,19.66,0.010000000000001563,Increase
2017-08-13,19.66,0.0,No Change
2017-08-14,19.66,0.0,No Change
2017-08-15,19.68,0.019999999999999574,Increase
2017-08-16,19.69,0.010000000000001563,Increase
2017-08-17,19.7,0.00999999999999801,Increase
2017-08-18,19.71,0.010000000000001563,Increase
2017-08-19,19.72,0.00999999999999801,Increase
2017-08-20,19.72,0.0,No Change
2017-08-21,19.72,0.0,No Change
2017-08-22,19.72,0.0,No Change
2017-08-23,19.77,0.05000000000000071,Increase
2017-08-24,19.78,0.010000000000001563,Increase
2017-08-25,19.79,0.00999999999999801,Increase
2017-08-26,19.8,0.010000000000001563,Increase
2017-08-27,19.8,0.0,No Change
2017-08-28,19.8,0.0,No Change
2017-08-29,19.83,0.029999999999997584,Increase
2017-08-30,19.84,0.010000000000001563,Increase
2017-08-31,19.85,0.010000000000001563,Increase
2017-09-01,19.86,0.00999999999999801,Increase
2017-09-02,19.87,0.010000000000001563,Increase
2017-09-03,19.87,0.0,No Change
2017-09-04,19.87,0.0,No Change
2017-09-05,19.9,0.029999999999997584,Increase
2017-09-06,19.92,0.020000000000003126,Increase
2017-09-07,19.93,0.00999999999999801,Increase
2017-09-08,19.94,0.010000000000001563,Increase
2017-09-09,19.95,0.00999999999999801,Increase
2017-09-10,19.95,0.0,No Change
2017-09-11,19.95,0.0,No Change
2017-09-12,19.98,0.030000000000001137,Increase
2017-09-13,19.99,0.00999999999999801,Increase
2017-09-14,20.0,0.010000000000001563,Increase
2017-09-15,20.01,0.010000000000001563,Increase
2017-09-16,20.02,0.00999999999999801,Increase
2017-09-17,20.02,0.0,No Change
2017-09-18,20.02,0.0,No Change
2017-09-19,20.05,0.030000000000001137,Increase
2017-09-20,20.06,0.00999999999999801,Increase
2017-09-21,20.07,0.010000000000001563,Increase
2017-09-22,20.08,0.00999999999999801,Increase
2017-09-23,20.09,0.010000000000001563,Increase
2017-09-24,20.09,0.0,No Change
2017-09-25,20.09,0.0,No Change
2017-09-26,20.12,0.030000000000001137,Increase
2017-09-27,20.13,0.00999999999999801,Increase
2017-09-28,20.14,0.010000000000001563,Increase
2017-09-29,20.15,0.00999999999999801,Increase
2017-09-30,20.16,0.010000000000001563,Increase
2017-10-01,20.16,0.0,No Change
2017-10-02,20.16,0.0,No Change
2017-10-03,20.18,0.019999999999999574,Increase
2017-10-04,20.19,0.010000000000001563,Increase
2017-10-05,20.2,0.00999999999999801,Increase
2017-10-06,20.21,0.010000000000001563,Increase
2017-10-07,20.22,0.00999999999999801,Increase
2017-10-08,20.22,0.0,No Change
2017-10-09,20.22,0.0,No Change
2017-10-10,20.22,0.0,No Change
2017-10-11,20.26,0.0400000000000027,Increase
2017-10-12,20.27,0.00999999999999801,Increase
2017-10-13,20.28,0.010000000000001563,Increase
2017-10-14,20.29,0.00999999999999801,Increase
2017-10-15,20.29,0.0,No Change
2017-10-16,20.29,0.0,No Change
2017-10-17,20.32,0.030000000000001137,Increase
2017-10-18,20.33,0.00999999999999801,Increase
2017-10-19,20.35,0.020000000000003126,Increase
2017-10-20,20.36,0.00999999999999801,Increase
2017-10-21,20.37,0.010000000000001563,Increase
2017-10-22,20.37,0.0,No Change
2017-10-23,20.37,0.0,No Change
2017-10-24,20.41,0.03999999999999915,Increase
2017-10-25,20.42,0.010000000000001563,Increase
2017-10-26,20.44,0.019999999999999574,Increase
2017-10-27,20.45,0.00999999999999801,Increase
2017-10-28,20.46,0.010000000000001563,Increase
2017-10-29,20.46,0.0,No Change
2017-10-30,20.46,0.0,No Change
2017-10-31,20.5,0.03999999999999915,Increase
2017-11-01,20.51,0.010000000000001563,Increase
2017-11-02,20.52,0.00999999999999801,Increase
2017-11-03,20.54,0.019999999999999574,Increase
2017-11-04,20.55,0.010000000000001563,Increase
2017-11-05,20.55,0.0,No Change
2017-11-06,20.55,0.0,No Change
2017-11-07,20.55,0.0,No Change
2017-11-08,20.6,0.05000000000000071,Increase
2017-11-09,20.61,0.00999999999999801,Increase
2017-11-10,20.62,0.010000000000001563,Increase
2017-11-11,20.64,0.019999999999999574,Increase
2017-11-12,20.64,0.0,No Change
2017-11-13,20.64,0.0,No Change
2017-11-14,20.68,0.03999999999999915,Increase
2017-11-15,20.69,0.010000000000001563,Increase
2017-11-16,20.7,0.00999999999999801,Increase
2017-11-17,20.71,0.010000000000001563,Increase
2017-11-18,20.72,0.00999999999999801,Increase
2017-11-19,20.72,0.0,No Change
2017-11-20,20.72,0.0,No Change
2017-11-21,20.72,0.0,No Change
2017-11-22,20.76,0.0400000000000027,Increase
2017-11-23,20.77,0.00999999999999801,Increase
2017-11-24,20.79,0.019999999999999574,Increase
2017-11-25,20.8,0.010000000000001563,Increase
2017-11-26,20.8,0.0,No Change
2017-11-27,20.8,0.0,No Change
2017-11-28,20.83,0.029999999999997584,Increase
2017-11-29,20.84,0.010000000000001563,Increase
2017-11-30,20.85,0.010000000000001563,Increase
2017-12-01,20.86,0.00999999999999801,Increase
2017-12-02,20.87,0.010000000000001563,Increase
2017-12-03,20.87,0.0,No Change
2017-12-04,20.87,0.0,No Change
2017-12-05,20.9,0.029999999999997584,Increase
2017-12-06,20.91,0.010000000000001563,Increase
2017-12-07,20.92,0.010000000000001563,Increase
2017-12-08,20.93,0.00999999999999801,Increase
2017-12-09,20.93,0.0,No Change
2017-12-10,20.93,0.0,No Change
2017-12-11,20.93,0.0,No Change
2017-12-12,20.98,0.05000000000000071,Increase
2017-12-13,20.99,0.00999999999999801,Increase
2017-12-14,21.0,0.010000000000001563,Increase
2017-12-15,21.01,0.010000000000001563,Increase
2017-12-16,21.02,0.00999999999999801,Increase
2017-12-17,21.02,0.0,No Change
2017-12-18,21.02,0.0,No Change
2017-12-19,21.05,0.030000000000001137,Increase
2017-12-20,21.06,0.00999999999999801,Increase
2017-12-21,21.07,0.010000000000001563,Increase
2017-12-22,21.08,0.00999999999999801,Increase
2017-12-23,21.09,0.010000000000001563,Increase
2017-12-24,21.09,0.0,No Change
2017-12-25,21.09,0.0,No Change
2017-12-26,21.09,0.0,No Change
2017-12-27,21.12,0.030000000000001137,Increase
2017-12-28,21.13,0.00999999999999801,Increase
2017-12-29,21.14,0.010000000000001563,Increase
2017-12-30,21.15,0.00999999999999801,Increase
2017-12-31,21.15,0.0,No Change
2018-01-01,21.15,0.0,No Change
2018-01-02,21.15,0.0,No Change
2018-01-03,21.19,0.0400000000000027,Increase
2018-01-04,21.2,0.00999999999999801,Increase
2018-01-05,21.21,0.010000000000001563,Increase
2018-01-06,21.22,0.00999999999999801,Increase
2018-01-07,21.22,0.0,No Change
2018-01-08,21.22,0.0,No Change
2018-01-09,21.25,0.030000000000001137,Increase
2018-01-10,21.26,0.010000000000001563,Increase
2018-01-11,21.27,0.00999999999999801,Increase
2018-01-12,21.28,0.010000000000001563,Increase
2018-01-13,21.29,0.00999999999999801,Increase
2018-01-14,21.29,0.0,No Change
2018-01-15,21.29,0.0,No Change
2018-01-16,21.32,0.030000000000001137,Increase
2018-01-17,21.34,0.019999999999999574,Increase
2018-01-18,21.36,0.019999999999999574,Increase
2018-01-19,21.38,0.019999999999999574,Increase
2018-01-20,21.4,0.019999999999999574,Increase
2018-01-21,21.4,0.0,No Change
2018-01-22,21.4,0.0,No Change
2018-01-23,21.47,0.07000000000000028,Increase
2018-01-24,21.49,0.019999999999999574,Increase
2018-01-25,21.51,0.020000000000003126,Increase
2018-01-26,21.53,0.019999999999999574,Increase
2018-01-27,21.55,0.019999999999999574,Increase
2018-01-28,21.55,0.0,No Change
2018-01-29,21.55,0.0,No Change
2018-01-30,21.62,0.07000000000000028,Increase
2018-01-31,21.64,0.019999999999999574,Increase
2018-02-01,21.66,0.019999999999999574,Increase
2018-02-02,21.68,0.019999999999999574,Increase
2018-02-03,21.7,0.019999999999999574,Increase
2018-02-04,21.7,0.0,No Change
2018-02-05,21.7,0.0,No Change
2018-02-06,21.77,0.07000000000000028,Increase
2018-02-07,21.79,0.019999999999999574,Increase
2018-02-08,21.81,0.019999999999999574,Increase
2018-02-09,21.83,0.019999999999999574,Increase
2018-02-10,21.85,0.020000000000003126,Increase
2018-02-11,21.85,0.0,No Change
2018-02-12,21.85,0.0,No Change
2018-02-13,21.85,0.0,No Change
2018-02-14,21.85,0.0,No Change
2018-02-15,21.96,0.10999999999999943,Increase
2018-02-16,21.98,0.019999999999999574,Increase
2018-02-17,21.99,0.00999999999999801,Increase
2018-02-18,21.99,0.0,No Change
2018-02-19,21.99,0.0,No Change
2018-02-20,22.04,0.05000000000000071,Increase
2018-02-21,22.05,0.010000000000001563,Increase
2018-02-22,22.07,0.019999999999999574,Increase
2018-02-23,22.08,0.00999999999999801,Increase
2018-02-24,22.09,0.010000000000001563,Increase
2018-02-25,22.09,0.0,No Change
2018-02-26,22.09,0.0,No Change
2018-02-27,22.14,0.05000000000000071,Increase
2018-02-28,22.15,0.00999999999999801,Increase
2018-03-01,22.17,0.020000000000003126,Increase
2018-03-02,22.18,0.00999999999999801,Increase
2018-03-03,22.2,0.019999999999999574,Increase
2018-03-04,22.2,0.0,No Change
2018-03-05,22.2,0.0,No Change
2018-03-06,22.24,0.03999999999999915,Increase
2018-03-07,22.25,0.010000000000001563,Increase
2018-03-08,22.27,0.019999999999999574,Increase
2018-03-09,22.28,0.010000000000001563,Increase
2018-03-10,22.3,0.019999999999999574,Increase
2018-03-11,22.3,0.0,No Change
2018-03-12,22.3,0.0,No Change
2018-03-13,22.34,0.03999999999999915,Increase
2018-03-14,22.35,0.010000000000001563,Increase
2018-03-15,22.37,0.019999999999999574,Increase
2018-03-16,22.38,0.00999999999999801,Increase
2018-03-17,22.4,0.019999999999999574,Increase
2018-03-18,22.4,0.0,No Change
2018-03-19,22.4,0.0,No Change
2018-03-20,22.45,0.05000000000000071,Increase
2018-03-21,22.47,0.019999999999999574,Increase
2018-03-22,22.49,0.019999999999999574,Increase
2018-03-23,22.5,0.010000000000001563,Increase
2018-03-24,22.52,0.019999999999999574,Increase
2018-03-25,22.52,0.0,No Change
2018-03-26,22.52,0.0,No Change
2018-03-27,22.57,0.05000000000000071,Increase
2018-03-28,22.59,0.019999999999999574,Increase
2018-03-29,22.61,0.019999999999999574,Increase
2018-03-30,22.61,0.0,No Change
2018-03-31,22.61,0.0,No Change
2018-04-01,22.61,0.0,No Change
2018-04-02,22.61,0.0,No Change
2018-04-03,22.61,0.0,No Change
2018-04-04,22.71,0.10000000000000142,Increase
2018-04-05,22.73,0.019999999999999574,Increase
2018-04-06,22.75,0.019999999999999574,Increase
2018-04-07,22.76,0.010000000000001563,Increase
2018-04-08,22.76,0.0,No Change
2018-04-09,22.76,0.0,No Change
2018-04-10,22.81,0.04999999999999716,Increase
2018-04-11,22.83,0.019999999999999574,Increase
2018-04-12,22.85,0.020000000000003126,Increase
2018-04-13,22.87,0.019999999999999574,Increase
2018-04-14,22.88,0.00999999999999801,Increase
2018-04-15,22.88,0.0,No Change
2018-04-16,22.88,0.0,No Change
2018-04-17,22.94,0.060000000000002274,Increase
2018-04-18,22.95,0.00999999999999801,Increase
2018-04-19,22.97,0.019999999999999574,Increase
2018-04-20,22.99,0.019999999999999574,Increase
2018-04-21,23.01,0.020000000000003126,Increase
2018-04-22,23.01,0.0,No Change
2018-04-23,23.01,0.0,No Change
2018-04-24,23.06,0.04999999999999716,Increase
2018-04-25,23.08,0.019999999999999574,Increase
2018-04-26,23.09,0.010000000000001563,Increase
2018-04-27,23.11,0.019999999999999574,Increase
2018-04-28,23.13,0.019999999999999574,Increase
2018-04-29,23.13,0.0,No Change
2018-04-30,23.13,0.0,No Change
2018-05-01,23.13,0.0,No Change
2018-05-02,23.13,0.0,No Change
2018-05-03,23.22,0.08999999999999986,Increase
2018-05-04,23.23,0.010000000000001563,Increase
2018-05-05,23.25,0.019999999999999574,Increase
2018-05-06,23.25,0.0,No Change
2018-05-07,23.25,0.0,No Change
2018-05-08,23.31,0.05999999999999872,Increase
2018-05-09,23.32,0.010000000000001563,Increase
2018-05-10,23.34,0.019999999999999574,Increase
2018-05-11,23.36,0.019999999999999574,Increase
2018-05-12,23.38,0.019999999999999574,Increase
2018-05-13,23.38,0.0,No Change
2018-05-14,23.38,0.0,No Change
2018-05-15,23.43,0.05000000000000071,Increase
2018-05-16,23.45,0.019999999999999574,Increase
2018-05-17,23.47,0.019999999999999574,Increase
2018-05-18,23.49,0.019999999999999574,Increase
2018-05-19,23.51,0.020000000000003126,Increase
2018-05-20,23.51,0.0,No Change
2018-05-21,23.51,0.0,No Change
2018-05-22,23.57,0.05999999999999872,Increase
2018-05-23,23.59,0.019999999999999574,Increase
2018-05-24,23.61,0.019999999999999574,Increase
2018-05-25,23.63,0.019999999999999574,Increase
2018-05-26,23.63,0.0,No Change
2018-05-27,23.63,0.0,No Change
2018-05-28,23.63,0.0,No Change
2018-05-29,23.71,0.08000000000000185,Increase
2018-05-30,23.73,0.019999999999999574,Increase
2018-05-31,23.75,0.019999999999999574,Increase
2018-06-01,23.77,0.019999999999999574,Increase
2018-06-02,23.79,0.019999999999999574,Increase
2018-06-03,23.79,0.0,No Change
2018-06-04,23.79,0.0,No Change
2018-06-05,23.85,0.060000000000002274,Increase
2018-06-06,23.87,0.019999999999999574,Increase
2018-06-07,23.89,0.019999999999999574,Increase
2018-06-08,23.92,0.030000000000001137,Increase
2018-06-09,23.94,0.019999999999999574,Increase
2018-06-10,23.94,0.0,No Change
2018-06-11,23.94,0.0,No Change
2018-06-12,24.0,0.05999999999999872,Increase
2018-06-13,24.02,0.019999999999999574,Increase
2018-06-14,24.04,0.019999999999999574,Increase
2018-06-15,24.06,0.019999999999999574,Increase
2018-06-16,24.08,0.019999999999999574,Increase
2018-06-17,24.08,0.0,No Change
2018-06-18,24.08,0.0,No Change
2018-06-19,24.13,0.05000000000000071,Increase
2018-06-20,24.15,0.019999999999999574,Increase
2018-06-21,24.15,0.0,No Change
2018-06-22,24.18,0.030000000000001137,Increase
2018-06-23,24.2,0.019999999999999574,Increase
2018-06-24,24.2,0.0,No Change
2018-06-25,24.2,0.0,No Change
2018-06-26,24.25,0.05000000000000071,Increase
2018-06-27,24.26,0.010000000000001563,Increase
2018-06-28,24.28,0.019999999999999574,Increase
2018-06-29,24.3,0.019999999999999574,Increase
2018-06-30,24.31,0.00999999999999801,Increase
2018-07-01,24.31,0.0,No Change
2018-07-02,24.31,0.0,No Change
2018-07-03,24.37,0.060000000000002274,Increase
2018-07-04,24.38,0.00999999999999801,Increase
2018-07-05,24.4,0.019999999999999574,Increase
2018-07-06,24.42,0.020000000000003126,Increase
2018-07-07,24.43,0.00999999999999801,Increase
2018-07-08,24.43,0.0,No Change
2018-07-09,24.43,0.0,No Change
2018-07-10,24.43,0.0,No Change
2018-07-11,24.5,0.07000000000000028,Increase
2018-07-12,24.52,0.019999999999999574,Increase
2018-07-13,24.53,0.010000000000001563,Increase
2018-07-14,24.55,0.019999999999999574,Increase
2018-07-15,24.55,0.0,No Change
2018-07-16,24.55,0.0,No Change
2018-07-17,24.61,0.05999999999999872,Increase
2018-07-18,24.64,0.030000000000001137,Increase
2018-07-19,24.67,0.030000000000001137,Increase
2018-07-20,24.7,0.029999999999997584,Increase
2018-07-21,24.73,0.030000000000001137,Increase
2018-07-22,24.73,0.0,No Change
2018-07-23,24.73,0.0,No Change
2018-07-24,24.82,0.08999999999999986,Increase
2018-07-25,24.85,0.030000000000001137,Increase
2018-07-26,24.88,0.029999999999997584,Increase
2018-07-27,24.9,0.019999999999999574,Increase
2018-07-28,24.93,0.030000000000001137,Increase
2018-07-29,24.93,0.0,No Change
2018-07-30,24.93,0.0,No Change
2018-07-31,25.02,0.08999999999999986,Increase
2018-08-01,25.05,0.030000000000001137,Increase
2018-08-02,25.08,0.029999999999997584,Increase
2018-08-03,25.11,0.030000000000001137,Increase
2018-08-04,25.14,0.030000000000001137,Increase
2018-08-05,25.14,0.0,No Change
2018-08-06,25.14,0.0,No Change
2018-08-07,25.23,0.08999999999999986,Increase
2018-08-08,25.26,0.030000000000001137,Increase
2018-08-09,25.29,0.029999999999997584,Increase
2018-08-10,25.32,0.030000000000001137,Increase
2018-08-11,25.35,0.030000000000001137,Increase
2018-08-12,25.35,0.0,No Change
2018-08-13,25.35,0.0,No Change
2018-08-14,25.44,0.08999999999999986,Increase
2018-08-15,25.47,0.029999999999997584,Increase
2018-08-16,25.5,0.030000000000001137,Increase
2018-08-17,25.52,0.019999999999999574,Increase
2018-08-18,25.55,0.030000000000001137,Increase
2018-08-19,25.55,0.0,No Change
2018-08-20,25.55,0.0,No Change
2018-08-21,25.55,0.0,No Change
2018-08-22,25.65,0.09999999999999787,Increase
2018-08-23,25.67,0.020000000000003126,Increase
2018-08-24,25.7,0.029999999999997584,Increase
2018-08-25,25.72,0.019999999999999574,Increase
2018-08-26,25.72,0.0,No Change
2018-08-27,25.72,0.0,No Change
2018-08-28,25.8,0.08000000000000185,Increase
2018-08-29,25.82,0.019999999999999574,Increase
2018-08-30,25.85,0.030000000000001137,Increase
2018-08-31,25.87,0.019999999999999574,Increase
2018-09-01,25.9,0.029999999999997584,Increase
2018-09-02,25.9,0.0,No Change
2018-09-03,25.9,0.0,No Change
2018-09-04,25.98,0.08000000000000185,Increase
2018-09-05,26.0,0.019999999999999574,Increase
2018-09-06,26.03,0.030000000000001137,Increase
2018-09-07,26.05,0.019999999999999574,Increase
2018-09-08,26.08,0.029999999999997584,Increase
2018-09-09,26.08,0.0,No Change
2018-09-10,26.08,0.0,No Change
2018-09-11,26.16,0.08000000000000185,Increase
2018-09-12,26.18,0.019999999999999574,Increase
2018-09-13,26.21,0.030000000000001137,Increase
2018-09-14,26.23,0.019999999999999574,Increase
2018-09-15,26.26,0.030000000000001137,Increase
2018-09-16,26.26,0.0,No Change
2018-09-17,26.26,0.0,No Change
2018-09-18,26.35,0.08999999999999986,Increase
2018-09-19,26.39,0.03999999999999915,Increase
2018-09-20,26.42,0.030000000000001137,Increase
2018-09-21,26.45,0.029999999999997584,Increase
2018-09-22,26.49,0.03999999999999915,Increase
2018-09-23,26.49,0.0,No Change
2018-09-24,26.49,0.0,No Change
2018-09-25,26.59,0.10000000000000142,Increase
2018-09-26,26.62,0.030000000000001137,Increase
2018-09-27,26.66,0.03999999999999915,Increase
2018-09-28,26.69,0.030000000000001137,Increase
2018-09-29,26.73,0.03999999999999915,Increase
2018-09-30,26.73,0.0,No Change
2018-10-01,26.73,0.0,No Change
2018-10-02,26.83,0.09999999999999787,Increase
2018-10-03,26.86,0.030000000000001137,Increase
2018-10-04,26.9,0.03999999999999915,Increase
2018-10-05,26.93,0.030000000000001137,Increase
2018-10-06,26.96,0.030000000000001137,Increase
2018-10-07,26.96,0.0,No Change
2018-10-08,26.96,0.0,No Change
2018-10-09,27.07,0.10999999999999943,Increase
2018-10-10,27.1,0.030000000000001137,Increase
2018-10-11,27.14,0.03999999999999915,Increase
2018-10-12,27.17,0.030000000000001137,Increase
2018-10-13,27.21,0.03999999999999915,Increase
2018-10-14,27.21,0.0,No Change
2018-10-15,27.21,0.0,No Change
2018-10-16,27.21,0.0,No Change
2018-10-17,27.37,0.16000000000000014,Increase
2018-10-18,27.42,0.05000000000000071,Increase
2018-10-19,27.48,0.05999999999999872,Increase
2018-10-20,27.53,0.05000000000000071,Increase
2018-10-21,27.53,0.0,No Change
2018-10-22,27.53,0.0,No Change
2018-10-23,27.7,0.16999999999999815,Increase
2018-10-24,27.76,0.060000000000002274,Increase
2018-10-25,27.81,0.04999999999999716,Increase
2018-10-26,27.87,0.060000000000002274,Increase
2018-10-27,27.93,0.05999999999999872,Increase
2018-10-28,27.93,0.0,No Change
2018-10-29,27.93,0.0,No Change
2018-10-30,28.1,0.1700000000000017,Increase
2018-10-31,28.16,0.05999999999999872,Increase
2018-11-01,28.21,0.05000000000000071,Increase
2018-11-02,28.27,0.05999999999999872,Increase
2018-11-03,28.33,0.05999999999999872,Increase
2018-11-04,28.33,0.0,No Change
2018-11-05,28.33,0.0,No Change
2018-11-06,28.5,0.1700000000000017,Increase
2018-11-07,28.5,0.0,No Change
2018-11-08,28.62,0.120000000000001,Increase
2018-11-09,28.68,0.05999999999999872,Increase
2018-11-10,28.73,0.05000000000000071,Increase
2018-11-11,28.73,0.0,No Change
2018-11-12,28.73,0.0,No Change
2018-11-13,28.91,0.17999999999999972,Increase
2018-11-14,28.97,0.05999999999999872,Increase
2018-11-15,29.03,0.060000000000002274,Increase
2018-11-16,29.09,0.05999999999999872,Increase
2018-11-17,29.14,0.05000000000000071,Increase
2018-11-18,29.14,0.0,No Change
2018-11-19,29.14,0.0,No Change
2018-11-20,29.14,0.0,No Change
2018-11-21,29.34,0.1999999999999993,Increase
2018-11-22,29.39,0.05000000000000071,Increase
2018-11-23,29.45,0.05999999999999872,Increase
2018-11-24,29.5,0.05000000000000071,Increase
2018-11-25,29.5,0.0,No Change
2018-11-26,29.5,0.0,No Change
2018-11-27,29.65,0.14999999999999858,Increase
2018-11-28,29.7,0.05000000000000071,Increase
2018-11-29,29.76,0.060000000000002274,Increase
2018-11-30,29.81,0.04999999999999716,Increase
2018-12-01,29.81,0.0,No Change
2018-12-02,29.81,0.0,No Change
2018-12-03,29.81,0.0,No Change
2018-12-04,30.02,0.21000000000000085,Increase
2018-12-05,30.07,0.05000000000000071,Increase
2018-12-06,30.12,0.05000000000000071,Increase
2018-12-07,30.18,0.05999999999999872,Increase
2018-12-08,30.23,0.05000000000000071,Increase
2018-12-09,30.23,0.0,No Change
2018-12-10,30.23,0.0,No Change
2018-12-11,30.39,0.16000000000000014,Increase
2018-12-12,30.44,0.05000000000000071,Increase
2018-12-13,30.5,0.05999999999999872,Increase
2018-12-14,30.55,0.05000000000000071,Increase
2018-12-15,30.6,0.05000000000000071,Increase
2018-12-16,30.6,0.0,No Change
2018-12-17,30.6,0.0,No Change
2018-12-18,30.72,0.11999999999999744,Increase
2018-12-19,30.75,0.030000000000001137,Increase
2018-12-20,30.78,0.030000000000001137,Increase
2018-12-21,30.81,0.029999999999997584,Increase
2018-12-22,30.84,0.030000000000001137,Increase
2018-12-23,30.84,0.0,No Change
2018-12-24,30.84,0.0,No Change
2018-12-25,30.84,0.0,No Change
2018-12-26,30.84,0.0,No Change
2018-12-27,31.0,0.16000000000000014,Increase
2018-12-28,31.03,0.030000000000001137,Increase
2018-12-29,31.06,0.029999999999997584,Increase
2018-12-30,31.06,0.0,No Change
2018-12-31,31.06,0.0,No Change
2019-01-01,31.06,0.0,No Change
2019-01-02,31.06,0.0,No Change
2019-01-03,31.22,0.16000000000000014,Increase
2019-01-04,31.25,0.030000000000001137,Increase
2019-01-05,31.29,0.03999999999999915,Increase
2019-01-06,31.29,0.0,No Change
2019-01-07,31.29,0.0,No Change
2019-01-08,31.38,0.08999999999999986,Increase
2019-01-09,31.41,0.030000000000001137,Increase
2019-01-10,31.45,0.03999999999999915,Increase
2019-01-11,31.48,0.030000000000001137,Increase
2019-01-12,31.51,0.030000000000001137,Increase
2019-01-13,31.51,0.0,No Change
2019-01-14,31.51,0.0,No Change
2019-01-15,31.61,0.09999999999999787,Increase
2019-01-16,31.64,0.030000000000001137,Increase
2019-01-17,31.66,0.019999999999999574,Increase
2019-01-18,31.69,0.030000000000001137,Increase
2019-01-19,31.72,0.029999999999997584,Increase
2019-01-20,31.72,0.0,No Change
2019-01-21,31.72,0.0,No Change
2019-01-22,31.8,0.08000000000000185,Increase
2019-01-23,31.82,0.019999999999999574,Increase
2019-01-24,31.85,0.030000000000001137,Increase
2019-01-25,31.87,0.019999999999999574,Increase
2019-01-26,31.9,0.029999999999997584,Increase
2019-01-27,31.9,0.0,No Change
2019-01-28,31.9,0.0,No Change
2019-01-29,31.98,0.08000000000000185,Increase
2019-01-30,32.01,0.029999999999997584,Increase
2019-01-31,32.03,0.020000000000003126,Increase
2019-02-01,32.06,0.030000000000001137,Increase
2019-02-02,32.09,0.030000000000001137,Increase
2019-02-03,32.09,0.0,No Change
2019-02-04,32.09,0.0,No Change
2019-02-05,32.17,0.0799999999999983,Increase
2019-02-06,32.19,0.01999999999999602,Increase
2019-02-07,32.22,0.030000000000001137,Increase
2019-02-08,32.25,0.030000000000001137,Increase
2019-02-09,32.27,0.020000000000003126,Increase
2019-02-10,32.27,0.0,No Change
2019-02-11,32.27,0.0,No Change
2019-02-12,32.35,0.0799999999999983,Increase
2019-02-13,32.38,0.030000000000001137,Increase
2019-02-14,32.41,0.02999999999999403,Increase
2019-02-15,32.43,0.020000000000003126,Increase
2019-02-16,32.46,0.030000000000001137,Increase
2019-02-17,32.46,0.0,No Change
2019-02-18,32.46,0.0,No Change
2019-02-19,32.56,0.10000000000000142,Increase
2019-02-20,32.59,0.030000000000001137,Increase
2019-02-21,32.63,0.03999999999999915,Increase
2019-02-22,32.66,0.02999999999999403,Increase
2019-02-23,32.69,0.030000000000001137,Increase
2019-02-24,32.69,0.0,No Change
2019-02-25,32.69,0.0,No Change
2019-02-26,32.79,0.10000000000000142,Increase
2019-02-27,32.83,0.03999999999999915,Increase
2019-02-28,32.86,0.030000000000001137,Increase
2019-03-01,32.89,0.030000000000001137,Increase
2019-03-02,32.93,0.03999999999999915,Increase
2019-03-03,32.93,0.0,No Change
2019-03-04,32.93,0.0,No Change
2019-03-05,32.93,0.0,No Change
2019-03-06,32.93,0.0,No Change
2019-03-07,33.1,0.1700000000000017,Increase
2019-03-08,33.13,0.030000000000001137,Increase
2019-03-09,33.16,0.02999999999999403,Increase
2019-03-10,33.16,0.0,No Change
2019-03-11,33.16,0.0,No Change
2019-03-12,33.27,0.11000000000000654,Increase
2019-03-13,33.3,0.02999999999999403,Increase
2019-03-14,33.33,0.030000000000001137,Increase
2019-03-15,33.37,0.03999999999999915,Increase
2019-03-16,33.4,0.030000000000001137,Increase
2019-03-17,33.4,0.0,No Change
2019-03-18,33.4,0.0,No Change
2019-03-19,33.52,0.12000000000000455,Increase
2019-03-20,33.56,0.03999999999999915,Increase
2019-03-21,33.6,0.03999999999999915,Increase
2019-03-22,33.64,0.03999999999999915,Increase
2019-03-23,33.68,0.03999999999999915,Increase
2019-03-24,33.68,0.0,No Change
2019-03-25,33.68,0.0,No Change
2019-03-26,33.81,0.13000000000000256,Increase
2019-03-27,33.85,0.03999999999999915,Increase
2019-03-28,33.89,0.03999999999999915,Increase
2019-03-29,33.93,0.03999999999999915,Increase
2019-03-30,33.97,0.03999999999999915,Increase
2019-03-31,33.97,0.0,No Change
2019-04-01,33.97,0.0,No Change
2019-04-02,34.09,0.12000000000000455,Increase
2019-04-03,34.09,0.0,No Change
2019-04-04,34.17,0.0799999999999983,Increase
2019-04-05,34.22,0.04999999999999716,Increase
2019-04-06,34.26,0.03999999999999915,Increase
2019-04-07,34.26,0.0,No Change
2019-04-08,34.26,0.0,No Change
2019-04-09,34.38,0.12000000000000455,Increase
2019-04-10,34.42,0.03999999999999915,Increase
2019-04-11,34.46,0.03999999999999915,Increase
2019-04-12,34.5,0.03999999999999915,Increase
2019-04-13,34.55,0.04999999999999716,Increase
2019-04-14,34.55,0.0,No Change
2019-04-15,34.55,0.0,No Change
2019-04-16,34.67,0.12000000000000455,Increase
2019-04-17,34.72,0.04999999999999716,Increase
2019-04-18,34.78,0.060000000000002274,Increase
2019-04-19,34.78,0.0,No Change
2019-04-20,34.78,0.0,No Change
2019-04-21,34.78,0.0,No Change
2019-04-22,34.78,0.0,No Change
2019-04-23,35.04,0.259999999999998,Increase
2019-04-24,35.1,0.060000000000002274,Increase
2019-04-25,35.15,0.04999999999999716,Increase
2019-04-26,35.21,0.060000000000002274,Increase
2019-04-27,35.26,0.04999999999999716,Increase
2019-04-28,35.26,0.0,No Change
2019-04-29,35.26,0.0,No Change
2019-04-30,35.42,0.1600000000000037,Increase
2019-05-01,35.48,0.05999999999999517,Increase
2019-05-02,35.48,0.0,No Change
2019-05-03,35.59,0.11000000000000654,Increase
2019-05-04,35.64,0.04999999999999716,Increase
2019-05-05,35.64,0.0,No Change
2019-05-06,35.64,0.0,No Change
2019-05-07,35.8,0.1599999999999966,Increase
2019-05-08,35.86,0.060000000000002274,Increase
2019-05-09,35.91,0.04999999999999716,Increase
2019-05-10,35.97,0.060000000000002274,Increase
2019-05-11,36.02,0.05000000000000426,Increase
2019-05-12,36.02,0.0,No Change
2019-05-13,36.02,0.0,No Change
2019-05-14,36.19,0.1699999999999946,Increase
2019-05-15,36.25,0.060000000000002274,Increase
2019-05-16,36.3,0.04999999999999716,Increase
2019-05-17,36.34,0.04000000000000625,Increase
2019-05-18,36.38,0.03999999999999915,Increase
2019-05-19,36.38,0.0,No Change
2019-05-20,36.38,0.0,No Change
2019-05-21,36.5,0.11999999999999744,Increase
2019-05-22,36.54,0.03999999999999915,Increase
2019-05-23,36.58,0.03999999999999915,Increase
2019-05-24,36.62,0.03999999999999915,Increase
2019-05-25,36.65,0.030000000000001137,Increase
2019-05-26,36.65,0.0,No Change
2019-05-27,36.65,0.0,No Change
2019-05-28,36.77,0.12000000000000455,Increase
2019-05-29,36.81,0.03999999999999915,Increase
2019-05-30,36.85,0.03999999999999915,Increase
2019-05-31,36.89,0.03999999999999915,Increase
2019-06-01,36.93,0.03999999999999915,Increase
2019-06-02,36.93,0.0,No Change
2019-06-03,36.93,0.0,No Change
2019-06-04,37.05,0.11999999999999744,Increase
2019-06-05,37.09,0.04000000000000625,Increase
2019-06-06,37.13,0.03999999999999915,Increase
2019-06-07,37.17,0.03999999999999915,Increase
2019-06-08,37.21,0.03999999999999915,Increase
2019-06-09,37.21,0.0,No Change
2019-06-10,37.21,0.0,No Change
2019-06-11,37.33,0.11999999999999744,Increase
2019-06-12,37.37,0.03999999999999915,Increase
2019-06-13,37.41,0.03999999999999915,Increase
2019-06-14,37.45,0.04000000000000625,Increase
2019-06-15,37.49,0.03999999999999915,Increase
2019-06-16,37.49,0.0,No Change
2019-06-17,37.49,0.0,No Change
2019-06-18,37.49,0.0,No Change
2019-06-19,37.65,0.1599999999999966,Increase
2019-06-20,37.69,0.03999999999999915,Increase
2019-06-21,37.69,0.0,No Change
2019-06-22,37.76,0.07000000000000028,Increase
2019-06-23,37.76,0.0,No Change
2019-06-24,37.76,0.0,No Change
2019-06-25,37.88,0.12000000000000455,Increase
2019-06-26,37.92,0.03999999999999915,Increase
2019-06-27,37.96,0.03999999999999915,Increase
2019-06-28,38.0,0.03999999999999915,Increase
2019-06-29,38.03,0.030000000000001137,Increase
2019-06-30,38.03,0.0,No Change
2019-07-01,38.03,0.0,No Change
2019-07-02,38.15,0.11999999999999744,Increase
2019-07-03,38.19,0.03999999999999915,Increase
2019-07-04,38.23,0.03999999999999915,Increase
2019-07-05,38.27,0.04000000000000625,Increase
2019-07-06,38.31,0.03999999999999915,Increase
2019-07-07,38.31,0.0,No Change
2019-07-08,38.31,0.0,No Change
2019-07-09,38.31,0.0,No Change
2019-07-10,38.31,0.0,No Change
2019-07-11,38.5,0.18999999999999773,Increase
2019-07-12,38.54,0.03999999999999915,Increase
2019-07-13,38.58,0.03999999999999915,Increase
2019-07-14,38.58,0.0,No Change
2019-07-15,38.58,0.0,No Change
2019-07-16,38.7,0.12000000000000455,Increase
2019-07-17,38.73,0.02999999999999403,Increase
2019-07-18,38.76,0.030000000000001137,Increase
2019-07-19,38.8,0.03999999999999915,Increase
2019-07-20,38.83,0.030000000000001137,Increase
2019-07-21,38.83,0.0,No Change
2019-07-22,38.83,0.0,No Change
2019-07-23,38.93,0.10000000000000142,Increase
2019-07-24,38.97,0.03999999999999915,Increase
2019-07-25,39.0,0.030000000000001137,Increase
2019-07-26,39.03,0.030000000000001137,Increase
2019-07-27,39.07,0.03999999999999915,Increase
2019-07-28,39.07,0.0,No Change
2019-07-29,39.07,0.0,No Change
2019-07-30,39.17,0.10000000000000142,Increase
2019-07-31,39.2,0.030000000000001137,Increase
2019-08-01,39.23,0.02999999999999403,Increase
2019-08-02,39.27,0.04000000000000625,Increase
2019-08-03,39.3,0.02999999999999403,Increase
2019-08-04,39.3,0.0,No Change
2019-08-05,39.3,0.0,No Change
2019-08-06,39.4,0.10000000000000142,Increase
2019-08-07,39.44,0.03999999999999915,Increase
2019-08-08,39.47,0.030000000000001137,Increase
2019-08-09,39.5,0.030000000000001137,Increase
2019-08-10,39.54,0.03999999999999915,Increase
2019-08-11,39.54,0.0,No Change
2019-08-12,39.54,0.0,No Change
2019-08-13,39.64,0.10000000000000142,Increase
2019-08-14,39.67,0.030000000000001137,Increase
2019-08-15,39.71,0.03999999999999915,Increase
2019-08-16,39.74,0.030000000000001137,Increase
2019-08-17,39.77,0.030000000000001137,Increase
2019-08-18,39.77,0.0,No Change
2019-08-19,39.77,0.0,No Change
2019-08-20,39.77,0.0,No Change
2019-08-21,39.88,0.10999999999999943,Increase
2019-08-22,39.91,0.02999999999999403,Increase
2019-08-23,39.94,0.030000000000001137,Increase
2019-08-24,39.97,0.030000000000001137,Increase
2019-08-25,39.97,0.0,No Change
2019-08-26,39.97,0.0,No Change
2019-08-27,40.05,0.0799999999999983,Increase
2019-08-28,40.08,0.030000000000001137,Increase
2019-08-29,40.11,0.030000000000001137,Increase
2019-08-30,40.14,0.030000000000001137,Increase
2019-08-31,40.16,0.01999999999999602,Increase
2019-09-01,40.16,0.0,No Change
2019-09-02,40.16,0.0,No Change
2019-09-03,40.25,0.09000000000000341,Increase
2019-09-04,40.28,0.030000000000001137,Increase
2019-09-05,40.31,0.030000000000001137,Increase
2019-09-06,40.33,0.01999999999999602,Increase
2019-09-07,40.36,0.030000000000001137,Increase
2019-09-08,40.36,0.0,No Change
2019-09-09,40.36,0.0,No Change
2019-09-10,40.45,0.09000000000000341,Increase
2019-09-11,40.48,0.02999999999999403,Increase
2019-09-12,40.5,0.020000000000003126,Increase
2019-09-13,40.53,0.030000000000001137,Increase
2019-09-14,40.56,0.030000000000001137,Increase
2019-09-15,40.56,0.0,No Change
2019-09-16,40.56,0.0,No Change
2019-09-17,40.67,0.10999999999999943,Increase
2019-09-18,40.72,0.04999999999999716,Increase
2019-09-19,40.78,0.060000000000002274,Increase
2019-09-20,40.83,0.04999999999999716,Increase
2019-09-21,40.88,0.05000000000000426,Increase
2019-09-22,40.88,0.0,No Change
2019-09-23,40.88,0.0,No Change
2019-09-24,41.04,0.1599999999999966,Increase
2019-09-25,41.1,0.060000000000002274,Increase
2019-09-26,41.15,0.04999999999999716,Increase
2019-09-27,41.21,0.060000000000002274,Increase
2019-09-28,41.26,0.04999999999999716,Increase
2019-09-29,41.26,0.0,No Change
2019-09-30,41.26,0.0,No Change
2019-10-01,41.42,0.1600000000000037,Increase
2019-10-02,41.48,0.05999999999999517,Increase
2019-10-03,41.53,0.05000000000000426,Increase
2019-10-04,41.58,0.04999999999999716,Increase
2019-10-05,41.64,0.060000000000002274,Increase
2019-10-06,41.64,0.0,No Change
2019-10-07,41.64,0.0,No Change
2019-10-08,41.8,0.1599999999999966,Increase
2019-10-09,41.86,0.060000000000002274,Increase
2019-10-10,41.91,0.04999999999999716,Increase
2019-10-11,41.97,0.060000000000002274,Increase
2019-10-12,42.02,0.05000000000000426,Increase
2019-10-13,42.02,0.0,No Change
2019-10-14,42.02,0.0,No Change
2019-10-15,42.02,0.0,No Change
2019-10-16,42.24,0.21999999999999886,Increase
2019-10-17,42.32,0.0799999999999983,Increase
2019-10-18,42.4,0.0799999999999983,Increase
2019-10-19,42.48,0.0799999999999983,Increase
2019-10-20,42.48,0.0,No Change
2019-10-21,42.48,0.0,No Change
2019-10-22,42.71,0.23000000000000398,Increase
2019-10-23,42.79,0.0799999999999983,Increase
2019-10-24,42.87,0.0799999999999983,Increase
2019-10-25,42.95,0.0800000000000054,Increase
2019-10-26,43.03,0.0799999999999983,Increase
2019-10-27,43.03,0.0,No Change
2019-10-28,43.03,0.0,No Change
2019-10-29,43.27,0.240000000000002,Increase
2019-10-30,43.35,0.0799999999999983,Increase
2019-10-31,43.43,0.0799999999999983,Increase
2019-11-01,43.51,0.0799999999999983,Increase
2019-11-02,43.59,0.0800000000000054,Increase
2019-11-03,43.59,0.0,No Change
2019-11-04,43.59,0.0,No Change
2019-11-05,43.83,0.23999999999999488,Increase
2019-11-06,43.91,0.0799999999999983,Increase
2019-11-07,43.91,0.0,No Change
2019-11-08,44.08,0.1700000000000017,Increase
2019-11-09,44.16,0.0799999999999983,Increase
2019-11-10,44.16,0.0,No Change
2019-11-11,44.16,0.0,No Change
2019-11-12,44.4,0.240000000000002,Increase
2019-11-13,44.49,0.09000000000000341,Increase
2019-11-14,44.57,0.0799999999999983,Increase
2019-11-15,44.65,0.0799999999999983,Increase
2019-11-16,44.73,0.0799999999999983,Increase
2019-11-17,44.73,0.0,No Change
2019-11-18,44.73,0.0,No Change
2019-11-19,44.73,0.0,No Change
2019-11-20,44.93,0.20000000000000284,Increase
2019-11-21,44.98,0.04999999999999716,Increase
2019-11-22,45.03,0.05000000000000426,Increase
2019-11-23,45.07,0.03999999999999915,Increase
2019-11-24,45.07,0.0,No Change
2019-11-25,45.07,0.0,No Change
2019-11-26,45.22,0.14999999999999858,Increase
2019-11-27,45.27,0.05000000000000426,Increase
2019-11-28,45.32,0.04999999999999716,Increase
2019-11-29,45.37,0.04999999999999716,Increase
2019-11-30,45.42,0.05000000000000426,Increase
2019-12-01,45.42,0.0,No Change
2019-12-02,45.42,0.0,No Change
2019-12-03,45.57,0.14999999999999858,Increase
2019-12-04,45.61,0.03999999999999915,Increase
2019-12-05,45.66,0.04999999999999716,Increase
2019-12-06,45.71,0.05000000000000426,Increase
2019-12-07,45.76,0.04999999999999716,Increase
2019-12-08,45.76,0.0,No Change
2019-12-09,45.76,0.0,No Change
2019-12-10,45.91,0.14999999999999858,Increase
2019-12-11,45.96,0.05000000000000426,Increase
2019-12-12,46.01,0.04999999999999716,Increase
2019-12-13,46.06,0.05000000000000426,Increase
2019-12-14,46.11,0.04999999999999716,Increase
2019-12-15,46.11,0.0,No Change
2019-12-16,46.11,0.0,No Change
2019-12-17,46.27,0.1600000000000037,Increase
2019-12-18,46.34,0.07000000000000028,Increase
2019-12-19,46.4,0.05999999999999517,Increase
2019-12-20,46.46,0.060000000000002274,Increase
2019-12-21,46.53,0.07000000000000028,Increase
2019-12-22,46.53,0.0,No Change
2019-12-23,46.53,0.0,No Change
2019-12-24,46.72,0.18999999999999773,Increase
2019-12-25,46.78,0.060000000000002274,Increase
2019-12-26,46.78,0.0,No Change
2019-12-27,46.91,0.12999999999999545,Increase
2019-12-28,46.97,0.060000000000002274,Increase
2019-12-29,46.97,0.0,No Change
2019-12-30,46.97,0.0,No Change
2019-12-31,47.16,0.18999999999999773,Increase
2020-01-01,47.23,0.07000000000000028,Increase
2020-01-02,47.23,0.0,No Change
2020-01-03,47.35,0.12000000000000455,Increase
2020-01-04,47.42,0.07000000000000028,Increase
2020-01-05,47.42,0.0,No Change
2020-01-06,47.42,0.0,No Change
2020-01-07,47.61,0.18999999999999773,Increase
2020-01-08,47.68,0.07000000000000028,Increase
2020-01-09,47.74,0.060000000000002274,Increase
2020-01-10,47.81,0.07000000000000028,Increase
2020-01-11,47.87,0.05999999999999517,Increase
2020-01-12,47.87,0.0,No Change
2020-01-13,47.87,0.0,No Change
2020-01-14,48.07,0.20000000000000284,Increase
2020-01-15,48.13,0.060000000000002274,Increase
2020-01-16,48.2,0.07000000000000028,Increase
2020-01-17,48.25,0.04999999999999716,Increase
2020-01-18,48.31,0.060000000000002274,Increase
2020-01-19,48.31,0.0,No Change
2020-01-20,48.31,0.0,No Change
2020-01-21,48.48,0.1699999999999946,Increase
2020-01-22,48.54,0.060000000000002274,Increase
2020-01-23,48.59,0.05000000000000426,Increase
2020-01-24,48.65,0.05999999999999517,Increase
2020-01-25,48.71,0.060000000000002274,Increase
2020-01-26,48.71,0.0,No Change
2020-01-27,48.71,0.0,No Change
2020-01-28,48.88,0.1700000000000017,Increase
2020-01-29,48.94,0.05999999999999517,Increase
2020-01-30,49.0,0.060000000000002274,Increase
2020-01-31,49.05,0.04999999999999716,Increase
2020-02-01,49.11,0.060000000000002274,Increase
2020-02-02,49.11,0.0,No Change
2020-02-03,49.11,0.0,No Change
2020-02-04,49.28,0.1700000000000017,Increase
2020-02-05,49.34,0.060000000000002274,Increase
2020-02-06,49.4,0.05999999999999517,Increase
2020-02-07,49.46,0.060000000000002274,Increase
2020-02-08,49.51,0.04999999999999716,Increase
2020-02-09,49.51,0.0,No Change
2020-02-10,49.51,0.0,No Change
2020-02-11,49.69,0.17999999999999972,Increase
2020-02-12,49.75,0.060000000000002274,Increase
2020-02-13,49.81,0.060000000000002274,Increase
2020-02-14,49.86,0.04999999999999716,Increase
2020-02-15,49.92,0.060000000000002274,Increase
2020-02-16,49.92,0.0,No Change
2020-02-17,49.92,0.0,No Change
2020-02-18,50.06,0.14000000000000057,Increase
2020-02-19,50.1,0.03999999999999915,Increase
2020-02-20,50.14,0.03999999999999915,Increase
2020-02-21,50.18,0.03999999999999915,Increase
2020-02-22,50.22,0.03999999999999915,Increase
2020-02-23,50.22,0.0,No Change
2020-02-24,50.22,0.0,No Change
2020-02-25,50.22,0.0,No Change
2020-02-26,50.22,0.0,No Change
2020-02-27,50.41,0.18999999999999773,Increase
2020-02-28,50.45,0.04000000000000625,Increase
2020-02-29,50.49,0.03999999999999915,Increase
2020-03-01,50.49,0.0,No Change
2020-03-02,50.49,0.0,No Change
2020-03-03,50.61,0.11999999999999744,Increase
2020-03-04,50.65,0.03999999999999915,Increase
2020-03-05,50.69,0.03999999999999915,Increase
2020-03-06,50.73,0.03999999999999915,Increase
2020-03-07,50.77,0.04000000000000625,Increase
2020-03-08,50.77,0.0,No Change
2020-03-09,50.77,0.0,No Change
2020-03-10,50.89,0.11999999999999744,Increase
2020-03-11,50.93,0.03999999999999915,Increase
2020-03-12,50.97,0.03999999999999915,Increase
2020-03-13,51.01,0.03999999999999915,Increase
2020-03-14,51.05,0.03999999999999915,Increase
2020-03-15,51.05,0.0,No Change
2020-03-16,51.05,0.0,No Change
2020-03-17,51.16,0.10999999999999943,Increase
2020-03-18,51.2,0.04000000000000625,Increase
2020-03-19,51.23,0.02999999999999403,Increase
2020-03-20,51.26,0.030000000000001137,Increase
2020-03-21,51.29,0.030000000000001137,Increase
2020-03-22,51.29,0.0,No Change
2020-03-23,51.29,0.0,No Change
2020-03-24,51.29,0.0,No Change
2020-03-25,51.29,0.0,No Change
2020-03-26,51.46,0.1700000000000017,Increase
2020-03-27,51.49,0.030000000000001137,Increase
2020-03-28,51.52,0.030000000000001137,Increase
2020-03-29,51.52,0.0,No Change
2020-03-30,51.52,0.0,No Change
2020-03-31,51.62,0.09999999999999432,Increase
2020-04-01,51.66,0.03999999999999915,Increase
2020-04-02,51.69,0.030000000000001137,Increase
2020-04-03,51.69,0.0,No Change
2020-04-04,51.76,0.07000000000000028,Increase
2020-04-05,51.76,0.0,No Change
2020-04-06,51.76,0.0,No Change
2020-04-07,51.85,0.09000000000000341,Increase
2020-04-08,51.89,0.03999999999999915,Increase
2020-04-09,51.92,0.030000000000001137,Increase
2020-04-10,51.92,0.0,No Change
2020-04-11,51.92,0.0,No Change
2020-04-12,51.92,0.0,No Change
2020-04-13,51.92,0.0,No Change
2020-04-14,52.09,0.1700000000000017,Increase
2020-04-15,52.12,0.02999999999999403,Increase
2020-04-16,52.15,0.030000000000001137,Increase
2020-04-17,52.21,0.060000000000002274,Increase
2020-04-18,52.27,0.060000000000002274,Increase
2020-04-19,52.27,0.0,No Change
2020-04-20,52.27,0.0,No Change
2020-04-21,52.44,0.1699999999999946,Increase
2020-04-22,52.49,0.05000000000000426,Increase
2020-04-23,52.55,0.05999999999999517,Increase
2020-04-24,52.61,0.060000000000002274,Increase
2020-04-25,52.66,0.04999999999999716,Increase
2020-04-26,52.66,0.0,No Change
2020-04-27,52.66,0.0,No Change
2020-04-28,52.84,0.18000000000000682,Increase
2020-04-29,52.89,0.04999999999999716,Increase
2020-04-30,52.95,0.060000000000002274,Increase
2020-05-01,53.01,0.05999999999999517,Increase
2020-05-02,53.01,0.0,No Change
2020-05-03,53.01,0.0,No Change
2020-05-04,53.01,0.0,No Change
2020-05-05,53.24,0.23000000000000398,Increase
2020-05-06,53.29,0.04999999999999716,Increase
2020-05-07,53.35,0.060000000000002274,Increase
2020-05-08,53.41,0.05999999999999517,Increase
2020-05-09,53.47,0.060000000000002274,Increase
2020-05-10,53.47,0.0,No Change
2020-05-11,53.47,0.0,No Change
2020-05-12,53.64,0.1700000000000017,Increase
2020-05-13,53.7,0.060000000000002274,Increase
2020-05-14,53.76,0.05999999999999517,Increase
2020-05-15,53.82,0.060000000000002274,Increase
2020-05-16,53.87,0.04999999999999716,Increase
2020-05-17,53.87,0.0,No Change
2020-05-18,53.87,0.0,No Change
2020-05-19,53.95,0.0800000000000054,Increase
2020-05-20,53.98,0.02999999999999403,Increase
2020-05-21,54.0,0.020000000000003126,Increase
2020-05-22,54.03,0.030000000000001137,Increase
2020-05-23,54.06,0.030000000000001137,Increase
2020-05-24,54.06,0.0,No Change
2020-05-25,54.06,0.0,No Change
2020-05-26,54.06,0.0,No Change
2020-05-27,54.16,0.09999999999999432,Increase
2020-05-28,54.19,0.030000000000001137,Increase
2020-05-29,54.21,0.020000000000003126,Increase
2020-05-30,54.24,0.030000000000001137,Increase
2020-05-31,54.24,0.0,No Change
2020-06-01,54.24,0.0,No Change
2020-06-02,54.32,0.0799999999999983,Increase
2020-06-03,54.34,0.020000000000003126,Increase
2020-06-04,54.37,0.02999999999999403,Increase
2020-06-05,54.39,0.020000000000003126,Increase
2020-06-06,54.42,0.030000000000001137,Increase
2020-06-07,54.42,0.0,No Change
2020-06-08,54.42,0.0,No Change
2020-06-09,54.5,0.0799999999999983,Increase
2020-06-10,54.53,0.030000000000001137,Increase
2020-06-11,54.55,0.01999999999999602,Increase
2020-06-12,54.58,0.030000000000001137,Increase
2020-06-13,54.6,0.020000000000003126,Increase
2020-06-14,54.6,0.0,No Change
2020-06-15,54.6,0.0,No Change
2020-06-16,54.6,0.0,No Change
2020-06-17,54.71,0.10999999999999943,Increase
2020-06-18,54.74,0.030000000000001137,Increase
2020-06-19,54.76,0.01999999999999602,Increase
2020-06-20,54.79,0.030000000000001137,Increase
2020-06-21,54.79,0.0,No Change
2020-06-22,54.79,0.0,No Change
2020-06-23,54.87,0.0799999999999983,Increase
2020-06-24,54.9,0.030000000000001137,Increase
2020-06-25,54.93,0.030000000000001137,Increase
2020-06-26,54.95,0.020000000000003126,Increase
2020-06-27,54.98,0.02999999999999403,Increase
2020-06-28,54.98,0.0,No Change
2020-06-29,54.98,0.0,No Change
2020-06-30,55.06,0.0800000000000054,Increase
2020-07-01,55.09,0.030000000000001137,Increase
2020-07-02,55.12,0.02999999999999403,Increase
2020-07-03,55.15,0.030000000000001137,Increase
2020-07-04,55.17,0.020000000000003126,Increase
2020-07-05,55.17,0.0,No Change
2020-07-06,55.17,0.0,No Change
2020-07-07,55.26,0.0899999999999963,Increase
2020-07-08,55.28,0.020000000000003126,Increase
2020-07-09,55.31,0.030000000000001137,Increase
2020-07-10,55.31,0.0,No Change
2020-07-11,55.31,0.0,No Change
2020-07-12,55.31,0.0,No Change
2020-07-13,55.31,0.0,No Change
2020-07-14,55.45,0.14000000000000057,Increase
2020-07-15,55.48,0.02999999999999403,Increase
2020-07-16,55.5,0.020000000000003126,Increase
2020-07-17,55.54,0.03999999999999915,Increase
2020-07-18,55.58,0.03999999999999915,Increase
2020-07-19,55.58,0.0,No Change
2020-07-20,55.58,0.0,No Change
2020-07-21,55.7,0.12000000000000455,Increase
2020-07-22,55.74,0.03999999999999915,Increase
2020-07-23,55.78,0.03999999999999915,Increase
2020-07-24,55.82,0.03999999999999915,Increase
2020-07-25,55.85,0.030000000000001137,Increase
2020-07-26,55.85,0.0,No Change
2020-07-27,55.85,0.0,No Change
2020-07-28,55.97,0.11999999999999744,Increase
2020-07-29,56.01,0.03999999999999915,Increase
2020-07-30,56.05,0.03999999999999915,Increase
2020-07-31,56.09,0.04000000000000625,Increase
2020-08-01,56.13,0.03999999999999915,Increase
2020-08-02,56.13,0.0,No Change
2020-08-03,56.13,0.0,No Change
2020-08-04,56.25,0.11999999999999744,Increase
2020-08-05,56.29,0.03999999999999915,Increase
2020-08-06,56.33,0.03999999999999915,Increase
2020-08-07,56.37,0.03999999999999915,Increase
2020-08-08,56.41,0.03999999999999915,Increase
2020-08-09,56.41,0.0,No Change
2020-08-10,56.41,0.0,No Change
2020-08-11,56.53,0.12000000000000455,Increase
2020-08-12,56.56,0.030000000000001137,Increase
2020-08-13,56.6,0.03999999999999915,Increase
2020-08-14,56.64,0.03999999999999915,Increase
2020-08-15,56.68,0.03999999999999915,Increase
2020-08-16,56.68,0.0,No Change
2020-08-17,56.68,0.0,No Change
2020-08-18,56.68,0.0,No Change
2020-08-19,56.83,0.14999999999999858,Increase
2020-08-20,56.86,0.030000000000001137,Increase
2020-08-21,56.9,0.03999999999999915,Increase
2020-08-22,56.93,0.030000000000001137,Increase
2020-08-23,56.93,0.0,No Change
2020-08-24,56.93,0.0,No Change
2020-08-25,57.03,0.10000000000000142,Increase
2020-08-26,57.07,0.03999999999999915,Increase
2020-08-27,57.1,0.030000000000001137,Increase
2020-08-28,57.14,0.03999999999999915,Increase
2020-08-29,57.17,0.030000000000001137,Increase
2020-08-30,57.17,0.0,No Change
2020-08-31,57.17,0.0,No Change
2020-09-01,57.28,0.10999999999999943,Increase
2020-09-02,57.31,0.030000000000001137,Increase
2020-09-03,57.35,0.03999999999999915,Increase
2020-09-04,57.38,0.030000000000001137,Increase
2020-09-05,57.42,0.03999999999999915,Increase
2020-09-06,57.42,0.0,No Change
2020-09-07,57.42,0.0,No Change
2020-09-08,57.52,0.10000000000000142,Increase
2020-09-09,57.56,0.03999999999999915,Increase
2020-09-10,57.59,0.030000000000001137,Increase
2020-09-11,57.63,0.03999999999999915,Increase
2020-09-12,57.66,0.02999999999999403,Increase
2020-09-13,57.66,0.0,No Change
2020-09-14,57.66,0.0,No Change
2020-09-15,57.77,0.11000000000000654,Increase
2020-09-16,57.8,0.02999999999999403,Increase
2020-09-17,57.85,0.05000000000000426,Increase
2020-09-18,57.9,0.04999999999999716,Increase
2020-09-19,57.96,0.060000000000002274,Increase
2020-09-20,57.96,0.0,No Change
2020-09-21,57.96,0.0,No Change
2020-09-22,58.11,0.14999999999999858,Increase
2020-09-23,58.16,0.04999999999999716,Increase
2020-09-24,58.21,0.05000000000000426,Increase
2020-09-25,58.27,0.060000000000002274,Increase
2020-09-26,58.32,0.04999999999999716,Increase
2020-09-27,58.32,0.0,No Change
2020-09-28,58.32,0.0,No Change
2020-09-29,58.47,0.14999999999999858,Increase
2020-09-30,58.52,0.05000000000000426,Increase
2020-10-01,58.58,0.05999999999999517,Increase
2020-10-02,58.63,0.05000000000000426,Increase
2020-10-03,58.68,0.04999999999999716,Increase
2020-10-04,58.68,0.0,No Change
2020-10-05,58.68,0.0,No Change
2020-10-06,58.84,0.1600000000000037,Increase
2020-10-07,58.89,0.04999999999999716,Increase
2020-10-08,58.94,0.04999999999999716,Increase
2020-10-09,58.99,0.05000000000000426,Increase
2020-10-10,59.05,0.05999999999999517,Increase
2020-10-11,59.05,0.0,No Change
2020-10-12,59.05,0.0,No Change
2020-10-13,59.05,0.0,No Change
2020-10-14,59.26,0.21000000000000085,Increase
2020-10-15,59.31,0.05000000000000426,Increase
2020-10-16,59.36,0.04999999999999716,Increase
2020-10-17,59.42,0.060000000000002274,Increase
2020-10-18,59.42,0.0,No Change
2020-10-19,59.42,0.0,No Change
2020-10-20,59.57,0.14999999999999858,Increase
2020-10-21,59.63,0.060000000000002274,Increase
2020-10-22,59.68,0.04999999999999716,Increase
2020-10-23,59.73,0.04999999999999716,Increase
2020-10-24,59.79,0.060000000000002274,Increase
2020-10-25,59.79,0.0,No Change
2020-10-26,59.79,0.0,No Change
2020-10-27,59.95,0.1600000000000037,Increase
2020-10-28,60.0,0.04999999999999716,Increase
2020-10-29,60.05,0.04999999999999716,Increase
2020-10-30,60.11,0.060000000000002274,Increase
2020-10-31,60.16,0.04999999999999716,Increase
2020-11-01,60.16,0.0,No Change
2020-11-02,60.16,0.0,No Change
2020-11-03,60.32,0.1600000000000037,Increase
2020-11-04,60.38,0.060000000000002274,Increase
2020-11-05,60.43,0.04999999999999716,Increase
2020-11-06,60.48,0.04999999999999716,Increase
2020-11-07,60.48,0.0,No Change
2020-11-08,60.48,0.0,No Change
2020-11-09,60.48,0.0,No Change
2020-11-10,60.7,0.22000000000000597,Increase
2020-11-11,60.75,0.04999999999999716,Increase
2020-11-12,60.81,0.060000000000002274,Increase
2020-11-13,60.86,0.04999999999999716,Increase
2020-11-14,60.92,0.060000000000002274,Increase
2020-11-15,60.92,0.0,No Change
2020-11-16,60.92,0.0,No Change
2020-11-17,61.1,0.17999999999999972,Increase
2020-11-18,61.18,0.0799999999999983,Increase
2020-11-19,61.25,0.07000000000000028,Increase
2020-11-20,61.33,0.0799999999999983,Increase
2020-11-21,61.4,0.07000000000000028,Increase
2020-11-22,61.4,0.0,No Change
2020-11-23,61.4,0.0,No Change
2020-11-24,61.4,0.0,No Change
2020-11-25,61.71,0.3100000000000023,Increase
2020-11-26,61.79,0.0799999999999983,Increase
2020-11-27,61.86,0.07000000000000028,Increase
2020-11-28,61.94,0.0799999999999983,Increase
2020-11-29,61.94,0.0,No Change
2020-11-30,61.94,0.0,No Change
2020-12-01,62.17,0.23000000000000398,Increase
2020-12-02,62.25,0.0799999999999983,Increase
2020-12-03,62.33,0.0799999999999983,Increase
2020-12-04,62.41,0.0799999999999983,Increase
2020-12-05,62.48,0.07000000000000028,Increase
2020-12-06,62.48,0.0,No Change
2020-12-07,62.48,0.0,No Change
2020-12-08,62.48,0.0,No Change
2020-12-09,62.48,0.0,No Change
2020-12-10,62.87,0.39000000000000057,Increase
2020-12-11,62.95,0.0800000000000054,Increase
2020-12-12,63.03,0.0799999999999983,Increase
2020-12-13,63.03,0.0,No Change
2020-12-14,63.03,0.0,No Change
2020-12-15,63.26,0.22999999999999687,Increase
2020-12-16,63.34,0.0800000000000054,Increase
2020-12-17,63.41,0.06999999999999318,Increase
2020-12-18,63.47,0.060000000000002274,Increase
2020-12-19,63.54,0.07000000000000028,Increase
2020-12-20,63.54,0.0,No Change
2020-12-21,63.54,0.0,No Change
2020-12-22,63.73,0.18999999999999773,Increase
2020-12-23,63.8,0.07000000000000028,Increase
2020-12-24,63.86,0.060000000000002274,Increase
2020-12-25,63.93,0.07000000000000028,Increase
2020-12-26,63.93,0.0,No Change
2020-12-27,63.93,0.0,No Change
2020-12-28,63.93,0.0,No Change
2020-12-29,64.19,0.259999999999998,Increase
2020-12-30,64.25,0.060000000000002274,Increase
2020-12-31,64.32,0.06999999999999318,Increase
2021-01-01,64.38,0.060000000000002274,Increase
2021-01-02,64.38,0.0,No Change
2021-01-03,64.38,0.0,No Change
2021-01-04,64.38,0.0,No Change
2021-01-05,64.64,0.2600000000000051,Increase
2021-01-06,64.71,0.06999999999999318,Increase
2021-01-07,64.78,0.07000000000000739,Increase
2021-01-08,64.84,0.060000000000002274,Increase
2021-01-09,64.91,0.06999999999999318,Increase
2021-01-10,64.91,0.0,No Change
2021-01-11,64.91,0.0,No Change
2021-01-12,65.11,0.20000000000000284,Increase
2021-01-13,65.17,0.060000000000002274,Increase
2021-01-14,65.24,0.06999999999999318,Increase
2021-01-15,65.3,0.060000000000002274,Increase
2021-01-16,65.37,0.07000000000000739,Increase
2021-01-17,65.37,0.0,No Change
2021-01-18,65.37,0.0,No Change
2021-01-19,65.62,0.25,Increase
2021-01-20,65.7,0.0799999999999983,Increase
2021-01-21,65.79,0.09000000000000341,Increase
2021-01-22,65.87,0.0799999999999983,Increase
2021-01-23,65.95,0.0799999999999983,Increase
2021-01-24,65.95,0.0,No Change
2021-01-25,65.95,0.0,No Change
2021-01-26,66.2,0.25,Increase
2021-01-27,66.29,0.09000000000000341,Increase
2021-01-28,66.37,0.0799999999999983,Increase
2021-01-29,66.45,0.0799999999999983,Increase
2021-01-30,66.54,0.09000000000000341,Increase
2021-01-31,66.54,0.0,No Change
2021-02-01,66.54,0.0,No Change
2021-02-02,66.79,0.25,Increase
2021-02-03,66.88,0.0899999999999892,Increase
2021-02-04,66.96,0.0799999999999983,Increase
2021-02-05,67.05,0.09000000000000341,Increase
2021-02-06,67.13,0.0799999999999983,Increase
2021-02-07,67.13,0.0,No Change
2021-02-08,67.13,0.0,No Change
2021-02-09,67.39,0.2600000000000051,Increase
2021-02-10,67.47,0.0799999999999983,Increase
2021-02-11,67.56,0.09000000000000341,Increase
2021-02-12,67.64,0.0799999999999983,Increase
2021-02-13,67.73,0.09000000000000341,Increase
2021-02-14,67.73,0.0,No Change
2021-02-15,67.73,0.0,No Change
2021-02-16,67.73,0.0,No Change
2021-02-17,67.73,0.0,No Change
2021-02-18,68.18,0.45000000000000284,Increase
2021-02-19,68.27,0.0899999999999892,Increase
2021-02-20,68.37,0.10000000000000853,Increase
2021-02-21,68.37,0.0,No Change
2021-02-22,68.37,0.0,No Change
2021-02-23,68.65,0.28000000000000114,Increase
2021-02-24,68.75,0.09999999999999432,Increase
2021-02-25,68.85,0.09999999999999432,Increase
2021-02-26,68.94,0.09000000000000341,Increase
2021-02-27,69.04,0.10000000000000853,Increase
2021-02-28,69.04,0.0,No Change
2021-03-01,69.04,0.0,No Change
2021-03-02,69.33,0.28999999999999204,Increase
2021-03-03,69.43,0.10000000000000853,Increase
2021-03-04,69.53,0.09999999999999432,Increase
2021-03-05,69.62,0.09000000000000341,Increase
2021-03-06,69.72,0.09999999999999432,Increase
2021-03-07,69.72,0.0,No Change
2021-03-08,69.72,0.0,No Change
2021-03-09,70.01,0.29000000000000625,Increase
2021-03-10,70.11,0.09999999999999432,Increase
2021-03-11,70.21,0.09999999999999432,Increase
2021-03-12,70.31,0.10000000000000853,Increase
2021-03-13,70.41,0.09999999999999432,Increase
2021-03-14,70.41,0.0,No Change
2021-03-15,70.41,0.0,No Change
2021-03-16,70.7,0.29000000000000625,Increase
2021-03-17,70.79,0.09000000000000341,Increase
2021-03-18,70.87,0.0799999999999983,Increase
2021-03-19,70.95,0.0799999999999983,Increase
2021-03-20,71.03,0.0799999999999983,Increase
2021-03-21,71.03,0.0,No Change
2021-03-22,71.03,0.0,No Change
2021-03-23,71.27,0.23999999999999488,Increase
2021-03-24,71.35,0.0799999999999983,Increase
2021-03-25,71.35,0.0,No Change
2021-03-26,71.52,0.1700000000000017,Increase
2021-03-27,71.6,0.0799999999999983,Increase
2021-03-28,71.6,0.0,No Change
2021-03-29,71.6,0.0,No Change
2021-03-30,71.84,0.2400000000000091,Increase
2021-03-31,71.92,0.0799999999999983,Increase
2021-04-01,72.01,0.09000000000000341,Increase
2021-04-02,72.01,0.0,No Change
2021-04-03,72.01,0.0,No Change
2021-04-04,72.01,0.0,No Change
2021-04-05,72.01,0.0,No Change
2021-04-06,72.42,0.4099999999999966,Increase
2021-04-07,72.5,0.0799999999999983,Increase
2021-04-08,72.58,0.0799999999999983,Increase
2021-04-09,72.67,0.09000000000000341,Increase
2021-04-10,72.75,0.0799999999999983,Increase
2021-04-11,72.75,0.0,No Change
2021-04-12,72.75,0.0,No Change
2021-04-13,73.0,0.25,Increase
2021-04-14,73.08,0.0799999999999983,Increase
2021-04-15,73.17,0.09000000000000341,Increase
2021-04-16,73.25,0.0799999999999983,Increase
2021-04-17,73.36,0.10999999999999943,Increase
2021-04-18,73.36,0.0,No Change
2021-04-19,73.36,0.0,No Change
2021-04-20,73.71,0.3499999999999943,Increase
2021-04-21,73.82,0.10999999999999943,Increase
2021-04-22,73.94,0.12000000000000455,Increase
2021-04-23,74.06,0.12000000000000455,Increase
2021-04-24,74.17,0.10999999999999943,Increase
2021-04-25,74.17,0.0,No Change
2021-04-26,74.17,0.0,No Change
2021-04-27,74.52,0.3499999999999943,Increase
2021-04-28,74.64,0.12000000000000455,Increase
2021-04-29,74.75,0.10999999999999943,Increase
2021-04-30,74.87,0.12000000000000455,Increase
2021-05-01,74.99,0.11999999999999034,Increase
2021-05-02,74.99,0.0,No Change
2021-05-03,74.99,0.0,No Change
2021-05-04,75.34,0.3500000000000085,Increase
2021-05-05,75.46,0.11999999999999034,Increase
2021-05-06,75.58,0.12000000000000455,Increase
2021-05-07,75.69,0.10999999999999943,Increase
2021-05-08,75.81,0.12000000000000455,Increase
2021-05-09,75.81,0.0,No Change
2021-05-10,75.81,0.0,No Change
2021-05-11,76.17,0.35999999999999943,Increase
2021-05-12,76.29,0.12000000000000455,Increase
2021-05-13,76.41,0.11999999999999034,Increase
2021-05-14,76.53,0.12000000000000455,Increase
2021-05-15,76.65,0.12000000000000455,Increase
2021-05-16,76.65,0.0,No Change
2021-05-17,76.65,0.0,No Change
2021-05-18,76.97,0.3199999999999932,Increase
2021-05-19,77.06,0.09000000000000341,Increase
2021-05-20,77.16,0.09999999999999432,Increase
2021-05-21,77.26,0.10000000000000853,Increase
2021-05-22,77.37,0.10999999999999943,Increase
2021-05-23,77.37,0.0,No Change
2021-05-24,77.37,0.0,No Change
2021-05-25,77.37,0.0,No Change
2021-05-26,77.37,0.0,No Change
2021-05-27,77.87,0.5,Increase
2021-05-28,77.97,0.09999999999999432,Increase
2021-05-29,78.07,0.09999999999999432,Increase
2021-05-30,78.07,0.0,No Change
2021-05-31,78.07,0.0,No Change
2021-06-01,78.37,0.30000000000001137,Increase
2021-06-02,78.48,0.10999999999999943,Increase
2021-06-03,78.58,0.09999999999999432,Increase
2021-06-04,78.68,0.10000000000000853,Increase
2021-06-05,78.78,0.09999999999999432,Increase
2021-06-06,78.78,0.0,No Change
2021-06-07,78.78,0.0,No Change
2021-06-08,79.09,0.3100000000000023,Increase
2021-06-09,79.19,0.09999999999999432,Increase
2021-06-10,79.29,0.10000000000000853,Increase
2021-06-11,79.4,0.10999999999999943,Increase
2021-06-12,79.5,0.09999999999999432,Increase
2021-06-13,79.5,0.0,No Change
2021-06-14,79.5,0.0,No Change
2021-06-15,79.81,0.3100000000000023,Increase
2021-06-16,79.91,0.09999999999999432,Increase
2021-06-17,80.0,0.09000000000000341,Increase
2021-06-18,80.09,0.09000000000000341,Increase
2021-06-19,80.17,0.0799999999999983,Increase
2021-06-20,80.17,0.0,No Change
2021-06-21,80.17,0.0,No Change
2021-06-22,80.17,0.0,No Change
2021-06-23,80.52,0.3499999999999943,Increase
2021-06-24,80.61,0.09000000000000341,Increase
2021-06-25,80.7,0.09000000000000341,Increase
2021-06-26,80.78,0.0799999999999983,Increase
2021-06-27,80.78,0.0,No Change
2021-06-28,80.78,0.0,No Change
2021-06-29,81.05,0.269999999999996,Increase
2021-06-30,81.13,0.0799999999999983,Increase
2021-07-01,81.22,0.09000000000000341,Increase
2021-07-02,81.31,0.09000000000000341,Increase
2021-07-03,81.4,0.09000000000000341,Increase
2021-07-04,81.4,0.0,No Change
2021-07-05,81.4,0.0,No Change
2021-07-06,81.66,0.2599999999999909,Increase
2021-07-07,81.75,0.09000000000000341,Increase
2021-07-08,81.84,0.09000000000000341,Increase
2021-07-09,81.93,0.09000000000000341,Increase
2021-07-10,81.93,0.0,No Change
2021-07-11,81.93,0.0,No Change
2021-07-12,81.93,0.0,No Change
2021-07-13,82.28,0.3499999999999943,Increase
2021-07-14,82.37,0.09000000000000341,Increase
2021-07-15,82.46,0.0899999999999892,Increase
2021-07-16,82.55,0.09000000000000341,Increase
2021-07-17,82.63,0.0799999999999983,Increase
2021-07-18,82.63,0.0,No Change
2021-07-19,82.63,0.0,No Change
2021-07-20,82.89,0.2600000000000051,Increase
2021-07-21,82.97,0.0799999999999983,Increase
2021-07-22,83.06,0.09000000000000341,Increase
2021-07-23,83.14,0.0799999999999983,Increase
2021-07-24,83.22,0.0799999999999983,Increase
2021-07-25,83.22,0.0,No Change
2021-07-26,83.22,0.0,No Change
2021-07-27,83.48,0.2600000000000051,Increase
2021-07-28,83.56,0.0799999999999983,Increase
2021-07-29,83.65,0.09000000000000341,Increase
2021-07-30,83.73,0.0799999999999983,Increase
2021-07-31,83.82,0.0899999999999892,Increase
2021-08-01,83.82,0.0,No Change
2021-08-02,83.82,0.0,No Change
2021-08-03,84.07,0.25,Increase
2021-08-04,84.16,0.09000000000000341,Increase
2021-08-05,84.25,0.09000000000000341,Increase
2021-08-06,84.33,0.0799999999999983,Increase
2021-08-07,84.42,0.09000000000000341,Increase
2021-08-08,84.42,0.0,No Change
2021-08-09,84.42,0.0,No Change
2021-08-10,84.67,0.25,Increase
2021-08-11,84.76,0.09000000000000341,Increase
2021-08-12,84.85,0.0899999999999892,Increase
2021-08-13,84.93,0.0800000000000125,Increase
2021-08-14,85.02,0.0899999999999892,Increase
2021-08-15,85.02,0.0,No Change
2021-08-16,85.02,0.0,No Change
2021-08-17,85.02,0.0,No Change
2021-08-18,85.35,0.3299999999999983,Increase
2021-08-19,85.44,0.09000000000000341,Increase
2021-08-20,85.52,0.0799999999999983,Increase
2021-08-21,85.6,0.0799999999999983,Increase
2021-08-22,85.6,0.0,No Change
2021-08-23,85.6,0.0,No Change
2021-08-24,85.84,0.2400000000000091,Increase
2021-08-25,85.93,0.09000000000000341,Increase
2021-08-26,86.01,0.0799999999999983,Increase
2021-08-27,86.09,0.0799999999999983,Increase
2021-08-28,86.17,0.0799999999999983,Increase
2021-08-29,86.17,0.0,No Change
2021-08-30,86.17,0.0,No Change
2021-08-31,86.42,0.25,Increase
2021-09-01,86.5,0.0799999999999983,Increase
2021-09-02,86.58,0.0799999999999983,Increase
2021-09-03,86.67,0.09000000000000341,Increase
2021-09-04,86.75,0.0799999999999983,Increase
2021-09-05,86.75,0.0,No Change
2021-09-06,86.75,0.0,No Change
2021-09-07,87.0,0.25,Increase
2021-09-08,87.08,0.0799999999999983,Increase
2021-09-09,87.16,0.0799999999999983,Increase
2021-09-10,87.25,0.09000000000000341,Increase
2021-09-11,87.33,0.0799999999999983,Increase
2021-09-12,87.33,0.0,No Change
2021-09-13,87.33,0.0,No Change
2021-09-14,87.58,0.25,Increase
2021-09-15,87.66,0.0799999999999983,Increase
2021-09-16,87.75,0.09000000000000341,Increase
2021-09-17,87.82,0.06999999999999318,Increase
2021-09-18,87.89,0.07000000000000739,Increase
2021-09-19,87.89,0.0,No Change
2021-09-20,87.89,0.0,No Change
2021-09-21,88.11,0.21999999999999886,Increase
2021-09-22,88.18,0.07000000000000739,Increase
2021-09-23,88.25,0.06999999999999318,Increase
2021-09-24,88.33,0.0799999999999983,Increase
2021-09-25,88.4,0.07000000000000739,Increase
2021-09-26,88.4,0.0,No Change
2021-09-27,88.4,0.0,No Change
2021-09-28,88.62,0.21999999999999886,Increase
2021-09-29,88.69,0.06999999999999318,Increase
2021-09-30,88.76,0.07000000000000739,Increase
2021-10-01,88.84,0.0799999999999983,Increase
2021-10-02,88.91,0.06999999999999318,Increase
2021-10-03,88.91,0.0,No Change
2021-10-04,88.91,0.0,No Change
2021-10-05,89.13,0.21999999999999886,Increase
2021-10-06,89.2,0.07000000000000739,Increase
2021-10-07,89.28,0.0799999999999983,Increase
2021-10-08,89.35,0.06999999999999318,Increase
2021-10-09,89.35,0.0,No Change
2021-10-10,89.35,0.0,No Change
2021-10-11,89.35,0.0,No Change
2021-10-12,89.35,0.0,No Change
2021-10-13,89.72,0.37000000000000455,Increase
2021-10-14,89.79,0.07000000000000739,Increase
2021-10-15,89.87,0.0799999999999983,Increase
2021-10-16,89.94,0.06999999999999318,Increase
2021-10-17,89.94,0.0,No Change
2021-10-18,89.94,0.0,No Change
2021-10-19,90.24,0.29999999999999716,Increase
2021-10-20,90.34,0.10000000000000853,Increase
2021-10-21,90.44,0.09999999999999432,Increase
2021-10-22,90.54,0.10000000000000853,Increase
2021-10-23,90.64,0.09999999999999432,Increase
2021-10-24,90.64,0.0,No Change
2021-10-25,90.64,0.0,No Change
2021-10-26,90.95,0.3100000000000023,Increase
2021-10-27,91.05,0.09999999999999432,Increase
2021-10-28,91.15,0.10000000000000853,Increase
2021-10-29,91.25,0.09999999999999432,Increase
2021-10-30,91.35,0.09999999999999432,Increase
2021-10-31,91.35,0.0,No Change
2021-11-01,91.35,0.0,No Change
2021-11-02,91.65,0.30000000000001137,Increase
2021-11-03,91.76,0.10999999999999943,Increase
2021-11-04,91.86,0.09999999999999432,Increase
2021-11-05,91.96,0.09999999999999432,Increase
2021-11-06,92.06,0.10000000000000853,Increase
2021-11-07,92.06,0.0,No Change
2021-11-08,92.06,0.0,No Change
2021-11-09,92.37,0.3100000000000023,Increase
2021-11-10,92.47,0.09999999999999432,Increase
2021-11-11,92.57,0.09999999999999432,Increase
2021-11-12,92.68,0.11000000000001364,Increase
2021-11-13,92.78,0.09999999999999432,Increase
2021-11-14,92.78,0.0,No Change
2021-11-15,92.78,0.0,No Change
2021-11-16,93.09,0.3100000000000023,Increase
2021-11-17,93.2,0.10999999999999943,Increase
2021-11-18,93.3,0.09999999999999432,Increase
2021-11-19,93.41,0.10999999999999943,Increase
2021-11-20,93.52,0.10999999999999943,Increase
2021-11-21,93.52,0.0,No Change
2021-11-22,93.52,0.0,No Change
2021-11-23,93.52,0.0,No Change
2021-11-24,93.95,0.4300000000000068,Increase
2021-11-25,94.06,0.10999999999999943,Increase
2021-11-26,94.16,0.09999999999999432,Increase
2021-11-27,94.27,0.10999999999999943,Increase
2021-11-28,94.27,0.0,No Change
2021-11-29,94.27,0.0,No Change
2021-11-30,94.6,0.3299999999999983,Increase
2021-12-01,94.7,0.10000000000000853,Increase
2021-12-02,94.81,0.10999999999999943,Increase
2021-12-03,94.92,0.10999999999999943,Increase
2021-12-04,95.03,0.10999999999999943,Increase
2021-12-05,95.03,0.0,No Change
2021-12-06,95.03,0.0,No Change
2021-12-07,95.36,0.3299999999999983,Increase
2021-12-08,95.47,0.10999999999999943,Increase
2021-12-09,95.47,0.0,No Change
2021-12-10,95.69,0.21999999999999886,Increase
2021-12-11,95.8,0.10999999999999943,Increase
2021-12-12,95.8,0.0,No Change
2021-12-13,95.8,0.0,No Change
2021-12-14,96.13,0.3299999999999983,Increase
2021-12-15,96.24,0.10999999999999943,Increase
2021-12-16,96.35,0.10999999999999943,Increase
2021-12-17,96.42,0.07000000000000739,Increase
2021-12-18,96.5,0.0799999999999983,Increase
2021-12-19,96.5,0.0,No Change
2021-12-20,96.5,0.0,No Change
2021-12-21,96.73,0.23000000000000398,Increase
2021-12-22,96.81,0.0799999999999983,Increase
2021-12-23,96.89,0.0799999999999983,Increase
2021-12-24,96.96,0.06999999999999318,Increase
2021-12-25,97.04,0.0800000000000125,Increase
2021-12-26,97.04,0.0,No Change
2021-12-27,97.04,0.0,No Change
2021-12-28,97.27,0.22999999999998977,Increase
2021-12-29,97.35,0.0799999999999983,Increase
2021-12-30,97.43,0.0800000000000125,Increase
2021-12-31,97.51,0.0799999999999983,Increase
2022-01-01,97.58,0.06999999999999318,Increase
2022-01-02,97.58,0.0,No Change
2022-01-03,97.58,0.0,No Change
2022-01-04,97.82,0.23999999999999488,Increase
2022-01-05,97.89,0.07000000000000739,Increase
2022-01-06,97.97,0.0799999999999983,Increase
2022-01-07,98.05,0.0799999999999983,Increase
2022-01-08,98.13,0.0799999999999983,Increase
2022-01-09,98.13,0.0,No Change
2022-01-10,98.13,0.0,No Change
2022-01-11,98.36,0.23000000000000398,Increase
2022-01-12,98.44,0.0799999999999983,Increase
2022-01-13,98.52,0.0799999999999983,Increase
2022-01-14,98.6,0.0799999999999983,Increase
2022-01-15,98.68,0.0800000000000125,Increase
2022-01-16,98.68,0.0,No Change
2022-01-17,98.68,0.0,No Change
2022-01-18,98.99,0.30999999999998806,Increase
2022-01-19,99.11,0.12000000000000455,Increase
2022-01-20,99.23,0.12000000000000455,Increase
2022-01-21,99.35,0.11999999999999034,Increase
2022-01-22,99.47,0.12000000000000455,Increase
2022-01-23,99.47,0.0,No Change
2022-01-24,99.47,0.0,No Change
2022-01-25,99.83,0.35999999999999943,Increase
2022-01-26,99.95,0.12000000000000455,Increase
2022-01-27,100.07,0.11999999999999034,Increase
2022-01-28,100.19,0.12000000000000455,Increase
2022-01-29,100.31,0.12000000000000455,Increase
2022-01-30,100.31,0.0,No Change
2022-01-31,100.31,0.0,No Change
2022-02-01,100.68,0.37000000000000455,Increase
2022-02-02,100.8,0.11999999999999034,Increase
2022-02-03,100.92,0.12000000000000455,Increase
2022-02-04,101.04,0.12000000000000455,Increase
2022-02-05,101.16,0.11999999999999034,Increase
2022-02-06,101.16,0.0,No Change
2022-02-07,101.16,0.0,No Change
2022-02-08,101.53,0.37000000000000455,Increase
2022-02-09,101.65,0.12000000000000455,Increase
2022-02-10,101.77,0.11999999999999034,Increase
2022-02-11,101.89,0.12000000000000455,Increase
2022-02-12,102.02,0.12999999999999545,Increase
2022-02-13,102.02,0.0,No Change
2022-02-14,102.02,0.0,No Change
2022-02-15,102.39,0.37000000000000455,Increase
2022-02-16,102.51,0.12000000000000455,Increase
2022-02-17,102.65,0.14000000000000057,Increase
2022-02-18,102.79,0.14000000000000057,Increase
2022-02-19,102.93,0.14000000000000057,Increase
2022-02-20,102.93,0.0,No Change
2022-02-21,102.93,0.0,No Change
2022-02-22,103.35,0.4199999999999875,Increase
2022-02-23,103.49,0.14000000000000057,Increase
2022-02-24,103.64,0.15000000000000568,Increase
2022-02-25,103.78,0.14000000000000057,Increase
2022-02-26,103.92,0.14000000000000057,Increase
2022-02-27,103.92,0.0,No Change
2022-02-28,103.92,0.0,No Change
2022-03-01,103.92,0.0,No Change
2022-03-02,103.92,0.0,No Change
2022-03-03,104.63,0.7099999999999937,Increase
2022-03-04,104.77,0.14000000000000057,Increase
2022-03-05,104.92,0.15000000000000568,Increase
2022-03-06,104.92,0.0,No Change
2022-03-07,104.92,0.0,No Change
2022-03-08,105.35,0.4299999999999926,Increase
2022-03-09,105.49,0.14000000000000057,Increase
2022-03-10,105.64,0.15000000000000568,Increase
2022-03-11,105.78,0.14000000000000057,Increase
2022-03-12,105.93,0.15000000000000568,Increase
2022-03-13,105.93,0.0,No Change
2022-03-14,105.93,0.0,No Change
2022-03-15,106.36,0.4299999999999926,Increase
2022-03-16,106.51,0.15000000000000568,Increase
2022-03-17,106.66,0.14999999999999147,Increase
2022-03-18,106.82,0.1599999999999966,Increase
2022-03-19,106.98,0.1600000000000108,Increase
2022-03-20,106.98,0.0,No Change
2022-03-21,106.98,0.0,No Change
2022-03-22,107.46,0.47999999999998977,Increase
2022-03-23,107.62,0.1600000000000108,Increase
2022-03-24,107.78,0.1599999999999966,Increase
2022-03-25,107.78,0.0,No Change
2022-03-26,108.1,0.3199999999999932,Increase
2022-03-27,108.1,0.0,No Change
2022-03-28,108.1,0.0,No Change
2022-03-29,108.58,0.480000000000004,Increase
2022-03-30,108.74,0.1599999999999966,Increase
2022-03-31,108.9,0.1600000000000108,Increase
2022-04-01,109.06,0.1599999999999966,Increase
2022-04-02,109.22,0.1599999999999966,Increase
2022-04-03,109.22,0.0,No Change
2022-04-04,109.22,0.0,No Change
2022-04-05,109.71,0.4899999999999949,Increase
2022-04-06,109.87,0.1600000000000108,Increase
2022-04-07,110.04,0.1700000000000017,Increase
2022-04-08,110.2,0.1599999999999966,Increase
2022-04-09,110.36,0.1599999999999966,Increase
2022-04-10,110.36,0.0,No Change
2022-04-11,110.36,0.0,No Change
2022-04-12,110.85,0.4899999999999949,Increase
2022-04-13,111.02,0.1700000000000017,Increase
2022-04-14,111.18,0.1600000000000108,Increase
2022-04-15,111.18,0.0,No Change
2022-04-16,111.18,0.0,No Change
2022-04-17,111.18,0.0,No Change
2022-04-18,111.18,0.0,No Change
2022-04-19,112.24,1.059999999999988,Increase
2022-04-20,112.48,0.2400000000000091,Increase
2022-04-21,112.72,0.23999999999999488,Increase
2022-04-22,112.97,0.25,Increase
2022-04-23,113.21,0.23999999999999488,Increase
2022-04-24,113.21,0.0,No Change
2022-04-25,113.21,0.0,No Change
2022-04-26,113.95,0.7400000000000091,Increase
2022-04-27,114.2,0.25,Increase
2022-04-28,114.44,0.23999999999999488,Increase
2022-04-29,114.69,0.25,Increase
2022-04-30,114.94,0.25,Increase
2022-05-01,114.94,0.0,No Change
2022-05-02,114.94,0.0,No Change
2022-05-03,115.69,0.75,Increase
2022-05-04,115.94,0.25,Increase
2022-05-05,116.19,0.25,Increase
2022-05-06,116.44,0.25,Increase
2022-05-07,116.69,0.25,Increase
2022-05-08,116.69,0.0,No Change
2022-05-09,116.69,0.0,No Change
2022-05-10,117.45,0.7600000000000051,Increase
2022-05-11,117.7,0.25,Increase
2022-05-12,117.96,0.2599999999999909,Increase
2022-05-13,118.21,0.25,Increase
2022-05-14,118.47,0.2600000000000051,Increase
2022-05-15,118.47,0.0,No Change
2022-05-16,118.47,0.0,No Change
2022-05-17,119.21,0.7399999999999949,Increase
2022-05-18,119.43,0.22000000000001307,Increase
2022-05-19,119.43,0.0,No Change
2022-05-20,119.88,0.44999999999998863,Increase
2022-05-21,120.11,0.23000000000000398,Increase
2022-05-22,120.11,0.0,No Change
2022-05-23,120.11,0.0,No Change
2022-05-24,120.79,0.6800000000000068,Increase
2022-05-25,121.01,0.21999999999999886,Increase
2022-05-26,121.01,0.0,No Change
2022-05-27,121.47,0.45999999999999375,Increase
2022-05-28,121.7,0.23000000000000398,Increase
2022-05-29,121.7,0.0,No Change
2022-05-30,121.7,0.0,No Change
2022-05-31,122.39,0.6899999999999977,Increase
2022-06-01,122.62,0.23000000000000398,Increase
2022-06-02,122.85,0.22999999999998977,Increase
2022-06-03,123.08,0.23000000000000398,Increase
2022-06-04,123.31,0.23000000000000398,Increase
2022-06-05,123.31,0.0,No Change
2022-06-06,123.31,0.0,No Change
2022-06-07,124.01,0.7000000000000028,Increase
2022-06-08,124.24,0.22999999999998977,Increase
2022-06-09,124.47,0.23000000000000398,Increase
2022-06-10,124.71,0.23999999999999488,Increase
2022-06-11,124.94,0.23000000000000398,Increase
2022-06-12,124.94,0.0,No Change
2022-06-13,124.94,0.0,No Change
2022-06-14,125.65,0.710000000000008,Increase
2022-06-15,125.89,0.23999999999999488,Increase
2022-06-16,126.12,0.23000000000000398,Increase
2022-06-17,126.33,0.20999999999999375,Increase
2022-06-18,126.33,0.0,No Change
2022-06-19,126.33,0.0,No Change
2022-06-20,126.33,0.0,No Change
2022-06-21,126.33,0.0,No Change
2022-06-22,127.38,1.0499999999999972,Increase
2022-06-23,127.6,0.21999999999999886,Increase
2022-06-24,127.81,0.21000000000000796,Increase
2022-06-25,128.02,0.21000000000000796,Increase
2022-06-26,128.02,0.0,No Change
2022-06-27,128.02,0.0,No Change
2022-06-28,128.66,0.6399999999999864,Increase
2022-06-29,128.87,0.21000000000000796,Increase
2022-06-30,129.08,0.21000000000000796,Increase
2022-07-01,129.3,0.21999999999999886,Increase
2022-07-02,129.51,0.20999999999997954,Increase
2022-07-03,129.51,0.0,No Change
2022-07-04,129.51,0.0,No Change
2022-07-05,130.16,0.6500000000000057,Increase
2022-07-06,130.38,0.21999999999999886,Increase
2022-07-07,130.59,0.21000000000000796,Increase
2022-07-08,130.81,0.21999999999999886,Increase
2022-07-09,131.03,0.21999999999999886,Increase
2022-07-10,131.03,0.0,No Change
2022-07-11,131.03,0.0,No Change
2022-07-12,131.68,0.6500000000000057,Increase
2022-07-13,131.9,0.21999999999999886,Increase
2022-07-14,132.12,0.21999999999999886,Increase
2022-07-15,132.34,0.21999999999999886,Increase
2022-07-16,132.56,0.21999999999999886,Increase
2022-07-17,132.56,0.0,No Change
2022-07-18,132.56,0.0,No Change
2022-07-19,133.22,0.6599999999999966,Increase
2022-07-20,133.44,0.21999999999999886,Increase
2022-07-21,133.66,0.21999999999999886,Increase
2022-07-22,133.89,0.22999999999998977,Increase
2022-07-23,134.11,0.22000000000002728,Increase
2022-07-24,134.11,0.0,No Change
2022-07-25,134.11,0.0,No Change
2022-07-26,134.78,0.6699999999999875,Increase
2022-07-27,135.01,0.22999999999998977,Increase
2022-07-28,135.23,0.21999999999999886,Increase
2022-07-29,135.46,0.2300000000000182,Increase
2022-07-30,135.68,0.21999999999999886,Increase
2022-07-31,135.68,0.0,No Change
2022-08-01,135.68,0.0,No Change
2022-08-02,136.36,0.6800000000000068,Increase
2022-08-03,136.59,0.22999999999998977,Increase
2022-08-04,136.82,0.22999999999998977,Increase
2022-08-05,137.05,0.2300000000000182,Increase
2022-08-06,137.27,0.21999999999999886,Increase
2022-08-07,137.27,0.0,No Change
2022-08-08,137.27,0.0,No Change
2022-08-09,137.96,0.6899999999999977,Increase
2022-08-10,138.19,0.22999999999998977,Increase
2022-08-11,138.42,0.22999999999998977,Increase
2022-08-12,138.65,0.2300000000000182,Increase
2022-08-13,138.88,0.22999999999998977,Increase
2022-08-14,138.88,0.0,No Change
2022-08-15,138.88,0.0,No Change
2022-08-16,138.88,0.0,No Change
2022-08-17,139.9,1.0200000000000102,Increase
2022-08-18,140.23,0.3299999999999841,Increase
2022-08-19,140.55,0.3200000000000216,Increase
2022-08-20,140.87,0.3199999999999932,Increase
2022-08-21,140.87,0.0,No Change
2022-08-22,140.87,0.0,No Change
2022-08-23,141.85,0.9799999999999898,Increase
2022-08-24,142.18,0.3300000000000125,Increase
2022-08-25,142.5,0.3199999999999932,Increase
2022-08-26,142.83,0.3300000000000125,Increase
2022-08-27,143.16,0.3299999999999841,Increase
2022-08-28,143.16,0.0,No Change
2022-08-29,143.16,0.0,No Change
2022-08-30,144.15,0.9900000000000091,Increase
2022-08-31,144.49,0.3400000000000034,Increase
2022-09-01,144.82,0.3299999999999841,Increase
2022-09-02,145.15,0.3300000000000125,Increase
2022-09-03,145.49,0.3400000000000034,Increase
2022-09-04,145.49,0.0,No Change
2022-09-05,145.49,0.0,No Change
2022-09-06,146.5,1.009999999999991,Increase
2022-09-07,146.83,0.3300000000000125,Increase
2022-09-08,147.17,0.339999999999975,Increase
2022-09-09,147.51,0.3400000000000034,Increase
2022-09-10,147.85,0.3400000000000034,Increase
2022-09-11,147.85,0.0,No Change
2022-09-12,147.85,0.0,No Change
2022-09-13,148.88,1.0300000000000011,Increase
2022-09-14,149.22,0.3400000000000034,Increase
2022-09-15,149.56,0.3400000000000034,Increase
2022-09-16,149.91,0.3499999999999943,Increase
2022-09-17,150.25,0.3400000000000034,Increase
2022-09-18,150.25,0.0,No Change
2022-09-19,150.25,0.0,No Change
2022-09-20,151.27,1.0200000000000102,Increase
2022-09-21,151.61,0.3400000000000034,Increase
2022-09-22,151.95,0.339999999999975,Increase
2022-09-23,152.3,0.35000000000002274,Increase
2022-09-24,152.64,0.339999999999975,Increase
2022-09-25,152.64,0.0,No Change
2022-09-26,152.64,0.0,No Change
2022-09-27,153.68,1.0400000000000205,Increase
2022-09-28,154.02,0.3400000000000034,Increase
2022-09-29,154.37,0.3499999999999943,Increase
2022-09-30,154.72,0.3499999999999943,Increase
2022-10-01,155.07,0.3499999999999943,Increase
2022-10-02,155.07,0.0,No Change
2022-10-03,155.07,0.0,No Change
2022-10-04,156.12,1.0500000000000114,Increase
2022-10-05,156.47,0.3499999999999943,Increase
2022-10-06,156.83,0.36000000000001364,Increase
2022-10-07,157.18,0.3499999999999943,Increase
2022-10-08,157.18,0.0,No Change
2022-10-09,157.18,0.0,No Change
2022-10-10,157.18,0.0,No Change
2022-10-11,157.18,0.0,No Change
2022-10-12,158.96,1.7800000000000011,Increase
2022-10-13,159.32,0.3599999999999852,Increase
2022-10-14,159.68,0.36000000000001364,Increase
2022-10-15,160.04,0.3599999999999852,Increase
2022-10-16,160.04,0.0,No Change
2022-10-17,160.04,0.0,No Change
2022-10-18,161.03,0.9900000000000091,Increase
2022-10-19,161.34,0.3100000000000023,Increase
2022-10-20,161.65,0.3100000000000023,Increase
2022-10-21,161.97,0.3199999999999932,Increase
2022-10-22,162.28,0.3100000000000023,Increase
2022-10-23,162.28,0.0,No Change
2022-10-24,162.28,0.0,No Change
2022-10-25,163.23,0.9499999999999886,Increase
2022-10-26,163.55,0.3200000000000216,Increase
2022-10-27,163.86,0.3100000000000023,Increase
2022-10-28,164.18,0.3199999999999932,Increase
2022-10-29,164.5,0.3199999999999932,Increase
2022-10-30,164.5,0.0,No Change
2022-10-31,164.5,0.0,No Change
2022-11-01,165.46,0.960000000000008,Increase
2022-11-02,165.78,0.3199999999999932,Increase
2022-11-03,166.1,0.3199999999999932,Increase
2022-11-04,166.43,0.3300000000000125,Increase
2022-11-05,166.75,0.3199999999999932,Increase
2022-11-06,166.75,0.0,No Change
2022-11-07,166.75,0.0,No Change
2022-11-08,167.72,0.9699999999999989,Increase
2022-11-09,168.05,0.3300000000000125,Increase
2022-11-10,168.38,0.3299999999999841,Increase
2022-11-11,168.7,0.3199999999999932,Increase
2022-11-12,169.03,0.3300000000000125,Increase
2022-11-13,169.03,0.0,No Change
2022-11-14,169.03,0.0,No Change
2022-11-15,170.02,0.9900000000000091,Increase
2022-11-16,170.35,0.3299999999999841,Increase
2022-11-17,170.7,0.3499999999999943,Increase
2022-11-18,171.04,0.3400000000000034,Increase
2022-11-19,171.39,0.3499999999999943,Increase
2022-11-20,171.39,0.0,No Change
2022-11-21,171.39,0.0,No Change
2022-11-22,171.39,0.0,No Change
2022-11-23,172.79,1.4000000000000057,Increase
2022-11-24,173.15,0.36000000000001364,Increase
2022-11-25,173.5,0.3499999999999943,Increase
2022-11-26,173.85,0.3499999999999943,Increase
2022-11-27,173.85,0.0,No Change
2022-11-28,173.85,0.0,No Change
2022-11-29,174.92,1.0699999999999932,Increase
2022-11-30,175.28,0.36000000000001364,Increase
2022-12-01,175.63,0.3499999999999943,Increase
2022-12-02,175.99,0.36000000000001364,Increase
2022-12-03,176.35,0.3599999999999852,Increase
2022-12-04,176.35,0.0,No Change
2022-12-05,176.35,0.0,No Change
2022-12-06,177.43,1.0800000000000125,Increase
2022-12-07,177.79,0.3599999999999852,Increase
2022-12-08,178.15,0.36000000000001364,Increase
2022-12-09,178.15,0.0,No Change
2022-12-10,178.15,0.0,No Change
2022-12-11,178.15,0.0,No Change
2022-12-12,178.15,0.0,No Change
2022-12-13,179.98,1.829999999999984,Increase
2022-12-14,180.34,0.36000000000001364,Increase
2022-12-15,180.71,0.37000000000000455,Increase
2022-12-16,181.08,0.37000000000000455,Increase
2022-12-17,181.36,0.28000000000000114,Increase
2022-12-18,181.36,0.0,No Change
2022-12-19,181.36,0.0,No Change
2022-12-20,182.2,0.839999999999975,Increase
2022-12-21,182.48,0.28000000000000114,Increase
2022-12-22,182.76,0.28000000000000114,Increase
2022-12-23,183.05,0.29000000000002046,Increase
2022-12-24,183.33,0.28000000000000114,Increase
2022-12-25,183.33,0.0,No Change
2022-12-26,183.33,0.0,No Change
2022-12-27,184.18,0.8499999999999943,Increase
2022-12-28,184.46,0.28000000000000114,Increase
2022-12-29,184.75,0.28999999999999204,Increase
2022-12-30,185.03,0.28000000000000114,Increase
2022-12-31,185.32,0.28999999999999204,Increase
2023-01-01,185.32,0.0,No Change
2023-01-02,185.32,0.0,No Change
2023-01-03,186.18,0.8600000000000136,Increase
2023-01-04,186.47,0.28999999999999204,Increase
2023-01-05,186.76,0.28999999999999204,Increase
2023-01-06,187.04,0.28000000000000114,Increase
2023-01-07,187.33,0.29000000000002046,Increase
2023-01-08,187.33,0.0,No Change
2023-01-09,187.33,0.0,No Change
2023-01-10,188.2,0.8699999999999761,Increase
2023-01-11,188.49,0.29000000000002046,Increase
2023-01-12,188.78,0.28999999999999204,Increase
2023-01-13,189.08,0.30000000000001137,Increase
2023-01-14,189.37,0.28999999999999204,Increase
2023-01-15,189.37,0.0,No Change
2023-01-16,189.37,0.0,No Change
2023-01-17,190.26,0.8899999999999864,Increase
2023-01-18,190.56,0.30000000000001137,Increase
2023-01-19,190.87,0.3100000000000023,Increase
2023-01-20,191.18,0.3100000000000023,Increase
2023-01-21,191.48,0.29999999999998295,Increase
2023-01-22,191.48,0.0,No Change
2023-01-23,191.48,0.0,No Change
2023-01-24,192.41,0.9300000000000068,Increase
2023-01-25,192.72,0.3100000000000023,Increase
2023-01-26,193.03,0.3100000000000023,Increase
2023-01-27,193.34,0.3100000000000023,Increase
2023-01-28,193.65,0.3100000000000023,Increase
2023-01-29,193.65,0.0,No Change
2023-01-30,193.65,0.0,No Change
2023-01-31,194.58,0.9300000000000068,Increase
2023-02-01,194.89,0.30999999999997385,Increase
2023-02-02,195.21,0.3200000000000216,Increase
2023-02-03,195.52,0.3100000000000023,Increase
2023-02-04,195.83,0.3100000000000023,Increase
2023-02-05,195.83,0.0,No Change
2023-02-06,195.83,0.0,No Change
2023-02-07,196.78,0.9499999999999886,Increase
2023-02-08,197.09,0.3100000000000023,Increase
2023-02-09,197.41,0.3199999999999932,Increase
2023-02-10,197.73,0.3199999999999932,Increase
2023-02-11,198.05,0.3200000000000216,Increase
2023-02-12,198.05,0.0,No Change
2023-02-13,198.05,0.0,No Change
2023-02-14,199.0,0.9499999999999886,Increase
2023-02-15,199.32,0.3199999999999932,Increase
2023-02-16,199.64,0.3199999999999932,Increase
2023-02-17,200.06,0.4200000000000159,Increase
2023-02-18,200.47,0.4099999999999966,Increase
2023-02-19,200.47,0.0,No Change
2023-02-20,200.47,0.0,No Change
2023-02-21,200.47,0.0,No Change
2023-02-22,200.47,0.0,No Change
2023-02-23,202.57,2.0999999999999943,Increase
2023-02-24,202.99,0.4200000000000159,Increase
2023-02-25,203.42,0.4299999999999784,Increase
2023-02-26,203.42,0.0,No Change
2023-02-27,203.42,0.0,No Change
2023-02-28,204.69,1.2700000000000102,Increase
2023-03-01,205.12,0.4300000000000068,Increase
2023-03-02,205.54,0.4199999999999875,Increase
2023-03-03,205.97,0.4300000000000068,Increase
2023-03-04,206.4,0.4300000000000068,Increase
2023-03-05,206.4,0.0,No Change
2023-03-06,206.4,0.0,No Change
2023-03-07,207.69,1.289999999999992,Increase
2023-03-08,208.13,0.4399999999999977,Increase
2023-03-09,208.56,0.4300000000000068,Increase
2023-03-10,208.99,0.4300000000000068,Increase
2023-03-11,209.43,0.4399999999999977,Increase
2023-03-12,209.43,0.0,No Change
2023-03-13,209.43,0.0,No Change
2023-03-14,210.74,1.3100000000000023,Increase
2023-03-15,211.18,0.4399999999999977,Increase
2023-03-16,211.62,0.4399999999999977,Increase
2023-03-17,212.06,0.4399999999999977,Increase
2023-03-18,212.49,0.4300000000000068,Increase
2023-03-19,212.49,0.0,No Change
2023-03-20,212.49,0.0,No Change
2023-03-21,213.81,1.3199999999999932,Increase
2023-03-22,214.25,0.4399999999999977,Increase
2023-03-23,214.7,0.44999999999998863,Increase
2023-03-24,215.14,0.4399999999999977,Increase
2023-03-25,215.14,0.0,No Change
2023-03-26,215.14,0.0,No Change
2023-03-27,215.14,0.0,No Change
2023-03-28,216.92,1.7800000000000011,Increase
2023-03-29,217.37,0.45000000000001705,Increase
2023-03-30,217.82,0.44999999999998863,Increase
2023-03-31,218.27,0.45000000000001705,Increase
2023-04-01,218.72,0.44999999999998863,Increase
2023-04-02,218.72,0.0,No Change
2023-04-03,218.72,0.0,No Change
2023-04-04,220.07,1.3499999999999943,Increase
2023-04-05,220.53,0.46000000000000796,Increase
2023-04-06,220.98,0.44999999999998863,Increase
2023-04-07,220.98,0.0,No Change
2023-04-08,220.98,0.0,No Change
2023-04-09,220.98,0.0,No Change
2023-04-10,220.98,0.0,No Change
2023-04-11,223.27,2.2900000000000205,Increase
2023-04-12,223.73,0.45999999999997954,Increase
2023-04-13,224.2,0.46999999999999886,Increase
2023-04-14,224.66,0.46000000000000796,Increase
2023-04-15,225.12,0.46000000000000796,Increase
2023-04-16,225.12,0.0,No Change
2023-04-17,225.12,0.0,No Change
2023-04-18,226.7,1.579999999999984,Increase
2023-04-19,227.27,0.5700000000000216,Increase
2023-04-20,227.83,0.5600000000000023,Increase
2023-04-21,228.39,0.5599999999999739,Increase
2023-04-22,228.96,0.5700000000000216,Increase
2023-04-23,228.96,0.0,No Change
2023-04-24,228.96,0.0,No Change
2023-04-25,230.66,1.6999999999999886,Increase
2023-04-26,231.23,0.5699999999999932,Increase
2023-04-27,231.81,0.5800000000000125,Increase
2023-04-28,232.38,0.5699999999999932,Increase
2023-04-29,232.96,0.5800000000000125,Increase
2023-04-30,232.96,0.0,No Change
2023-05-01,232.96,0.0,No Change
2023-05-02,232.96,0.0,No Change
2023-05-03,235.27,2.3100000000000023,Increase
2023-05-04,235.85,0.5799999999999841,Increase
2023-05-05,236.44,0.5900000000000034,Increase
2023-05-06,237.02,0.5800000000000125,Increase
2023-05-07,237.02,0.0,No Change
2023-05-08,237.02,0.0,No Change
2023-05-09,238.79,1.7699999999999818,Increase
2023-05-10,239.38,0.5900000000000034,Increase
2023-05-11,239.97,0.5900000000000034,Increase
2023-05-12,240.57,0.5999999999999943,Increase
2023-05-13,241.16,0.5900000000000034,Increase
2023-05-14,241.16,0.0,No Change
2023-05-15,241.16,0.0,No Change
2023-05-16,242.96,1.8000000000000114,Increase
2023-05-17,243.59,0.6299999999999955,Increase
2023-05-18,244.22,0.6299999999999955,Increase
2023-05-19,244.86,0.6400000000000148,Increase
2023-05-20,245.5,0.6399999999999864,Increase
2023-05-21,245.5,0.0,No Change
2023-05-22,245.5,0.0,No Change
2023-05-23,247.42,1.9199999999999875,Increase
2023-05-24,248.07,0.6500000000000057,Increase
2023-05-25,248.71,0.6400000000000148,Increase
2023-05-26,248.71,0.0,No Change
2023-05-27,248.71,0.0,No Change
2023-05-28,248.71,0.0,No Change
2023-05-29,248.71,0.0,No Change
2023-05-30,251.97,3.259999999999991,Increase
2023-05-31,252.63,0.6599999999999966,Increase
2023-06-01,253.28,0.6500000000000057,Increase
2023-06-02,253.94,0.6599999999999966,Increase
2023-06-03,254.61,0.6700000000000159,Increase
2023-06-04,254.61,0.0,No Change
2023-06-05,254.61,0.0,No Change
2023-06-06,256.6,1.990000000000009,Increase
2023-06-07,257.27,0.6699999999999591,Increase
2023-06-08,257.94,0.6700000000000159,Increase
2023-06-09,258.61,0.6700000000000159,Increase
2023-06-10,259.29,0.6800000000000068,Increase
2023-06-11,259.29,0.0,No Change
2023-06-12,259.29,0.0,No Change
2023-06-13,261.32,2.0299999999999727,Increase
2023-06-14,262.0,0.6800000000000068,Increase
2023-06-15,262.68,0.6800000000000068,Increase
2023-06-16,263.36,0.6800000000000068,Increase
2023-06-17,264.02,0.6599999999999682,Increase
2023-06-18,264.02,0.0,No Change
2023-06-19,264.02,0.0,No Change
2023-06-20,264.02,0.0,No Change
2023-06-21,264.02,0.0,No Change
2023-06-22,267.35,3.330000000000041,Increase
2023-06-23,268.02,0.6699999999999591,Increase
2023-06-24,268.69,0.6700000000000159,Increase
2023-06-25,268.69,0.0,No Change
2023-06-26,268.69,0.0,No Change
2023-06-27,270.72,2.0300000000000296,Increase
2023-06-28,271.4,0.67999999999995,Increase
2023-06-29,272.08,0.6800000000000068,Increase
2023-06-30,272.76,0.6800000000000068,Increase
2023-07-01,273.44,0.6800000000000068,Increase
2023-07-02,273.44,0.0,No Change
2023-07-03,273.44,0.0,No Change
2023-07-04,275.5,2.0600000000000023,Increase
2023-07-05,276.2,0.6999999999999886,Increase
2023-07-06,276.89,0.6899999999999977,Increase
2023-07-07,277.58,0.6899999999999977,Increase
2023-07-08,278.28,0.6999999999999886,Increase
2023-07-09,278.28,0.0,No Change
2023-07-10,278.28,0.0,No Change
2023-07-11,280.38,2.1000000000000227,Increase
2023-07-12,281.08,0.6999999999999886,Increase
2023-07-13,281.78,0.6999999999999886,Increase
2023-07-14,282.49,0.7100000000000364,Increase
2023-07-15,283.2,0.7099999999999795,Increase
2023-07-16,283.2,0.0,No Change
2023-07-17,283.2,0.0,No Change
2023-07-18,284.98,1.7800000000000296,Increase
2023-07-19,285.51,0.5299999999999727,Increase
2023-07-20,286.05,0.5400000000000205,Increase
2023-07-21,286.59,0.5399999999999636,Increase
2023-07-22,287.13,0.5400000000000205,Increase
2023-07-23,287.13,0.0,No Change
2023-07-24,287.13,0.0,No Change
2023-07-25,288.75,1.6200000000000045,Increase
2023-07-26,289.29,0.5400000000000205,Increase
2023-07-27,289.84,0.5499999999999545,Increase
2023-07-28,290.38,0.5400000000000205,Increase
2023-07-29,290.93,0.5500000000000114,Increase
2023-07-30,290.93,0.0,No Change
2023-07-31,290.93,0.0,No Change
2023-08-01,292.58,1.6499999999999773,Increase
2023-08-02,293.13,0.5500000000000114,Increase
2023-08-03,293.68,0.5500000000000114,Increase
2023-08-04,294.23,0.5500000000000114,Increase
2023-08-05,294.78,0.5499999999999545,Increase
2023-08-06,294.78,0.0,No Change
2023-08-07,294.78,0.0,No Change
2023-08-08,296.45,1.670000000000016,Increase
2023-08-09,297.01,0.5600000000000023,Increase
2023-08-10,297.57,0.5600000000000023,Increase
2023-08-11,298.13,0.5600000000000023,Increase
2023-08-12,298.69,0.5600000000000023,Increase
2023-08-13,298.69,0.0,No Change
2023-08-14,298.69,0.0,No Change
2023-08-15,300.38,1.6899999999999977,Increase
2023-08-16,300.94,0.5600000000000023,Increase
2023-08-17,301.54,0.6000000000000227,Increase
2023-08-18,302.13,0.589999999999975,Increase
2023-08-19,302.73,0.6000000000000227,Increase
2023-08-20,302.73,0.0,No Change
2023-08-21,302.73,0.0,No Change
2023-08-22,302.73,0.0,No Change
2023-08-23,305.12,2.3899999999999864,Increase
2023-08-24,305.72,0.6000000000000227,Increase
2023-08-25,306.33,0.6099999999999568,Increase
2023-08-26,306.93,0.6000000000000227,Increase
2023-08-27,306.93,0.0,No Change
2023-08-28,306.93,0.0,No Change
2023-08-29,308.75,1.8199999999999932,Increase
2023-08-30,309.36,0.6100000000000136,Increase
2023-08-31,309.97,0.6100000000000136,Increase
2023-09-01,310.58,0.6099999999999568,Increase
2023-09-02,311.2,0.6200000000000045,Increase
2023-09-03,311.2,0.0,No Change
2023-09-04,311.2,0.0,No Change
2023-09-05,313.04,1.8400000000000318,Increase
2023-09-06,313.66,0.6200000000000045,Increase
2023-09-07,314.28,0.6199999999999477,Increase
2023-09-08,314.9,0.6200000000000045,Increase
2023-09-09,315.52,0.6200000000000045,Increase
2023-09-10,315.52,0.0,No Change
2023-09-11,315.52,0.0,No Change
2023-09-12,317.39,1.8700000000000045,Increase
2023-09-13,318.02,0.6299999999999955,Increase
2023-09-14,318.64,0.6200000000000045,Increase
2023-09-15,319.27,0.6299999999999955,Increase
2023-09-16,319.9,0.6299999999999955,Increase
2023-09-17,319.9,0.0,No Change
2023-09-18,319.9,0.0,No Change
2023-09-19,323.66,3.7600000000000477,Increase
2023-09-20,324.93,1.2699999999999818,Increase
2023-09-21,326.19,1.259999999999991,Increase
2023-09-22,327.47,1.2800000000000296,Increase
2023-09-23,328.75,1.2799999999999727,Increase
2023-09-24,328.75,0.0,No Change
2023-09-25,328.75,0.0,No Change
2023-09-26,332.61,3.8600000000000136,Increase
2023-09-27,333.91,1.3000000000000114,Increase
2023-09-28,335.21,1.2999999999999545,Increase
2023-09-29,336.52,1.3100000000000023,Increase
2023-09-30,337.84,1.3199999999999932,Increase
2023-10-01,337.84,0.0,No Change
2023-10-02,337.84,0.0,No Change
2023-10-03,341.81,3.9700000000000273,Increase
2023-10-04,343.14,1.329999999999984,Increase
2023-10-05,344.48,1.3400000000000318,Increase
2023-10-06,345.83,1.349999999999966,Increase
2023-10-07,347.18,1.3500000000000227,Increase
2023-10-08,347.18,0.0,No Change
2023-10-09,347.18,0.0,No Change
2023-10-10,351.26,4.079999999999984,Increase
2023-10-11,352.63,1.3700000000000045,Increase
2023-10-12,354.01,1.3799999999999955,Increase
2023-10-13,355.39,1.3799999999999955,Increase
2023-10-14,355.39,0.0,No Change
2023-10-15,355.39,0.0,No Change
2023-10-16,355.39,0.0,No Change
2023-10-17,355.39,0.0,No Change
2023-10-18,362.35,6.960000000000036,Increase
2023-10-19,363.75,1.3999999999999773,Increase
2023-10-20,365.16,1.410000000000025,Increase
2023-10-21,366.57,1.4099999999999682,Increase
2023-10-22,366.57,0.0,No Change
2023-10-23,366.57,0.0,No Change
2023-10-24,370.84,4.269999999999982,Increase
2023-10-25,372.27,1.4300000000000068,Increase
2023-10-26,373.71,1.4399999999999977,Increase
2023-10-27,375.15,1.4399999999999977,Increase
2023-10-28,376.6,1.4500000000000455,Increase
2023-10-29,376.6,0.0,No Change
2023-10-30,376.6,0.0,No Change
2023-10-31,380.98,4.3799999999999955,Increase
2023-11-01,382.46,1.4799999999999613,Increase
2023-11-02,383.93,1.4700000000000273,Increase
2023-11-03,385.42,1.490000000000009,Increase
2023-11-04,386.91,1.490000000000009,Increase
2023-11-05,386.91,0.0,No Change
2023-11-06,386.91,0.0,No Change
2023-11-07,386.91,0.0,No Change
2023-11-08,392.92,6.009999999999991,Increase
2023-11-09,394.44,1.5199999999999818,Increase
2023-11-10,395.96,1.5199999999999818,Increase
2023-11-11,397.49,1.5300000000000296,Increase
2023-11-12,397.49,0.0,No Change
2023-11-13,397.49,0.0,No Change
2023-11-14,402.12,4.6299999999999955,Increase
2023-11-15,403.67,1.5500000000000114,Increase
2023-11-16,405.23,1.5600000000000023,Increase
2023-11-17,406.31,1.079999999999984,Increase
2023-11-18,407.39,1.079999999999984,Increase
2023-11-19,407.39,0.0,No Change
2023-11-20,407.39,0.0,No Change
2023-11-21,407.39,0.0,No Change
2023-11-22,411.75,4.360000000000014,Increase
2023-11-23,412.84,1.089999999999975,Increase
2023-11-24,413.94,1.1000000000000227,Increase
2023-11-25,415.04,1.1000000000000227,Increase
2023-11-26,415.04,0.0,No Change
2023-11-27,415.04,0.0,No Change
2023-11-28,418.37,3.329999999999984,Increase
2023-11-29,419.48,1.1100000000000136,Increase
2023-11-30,420.6,1.1200000000000045,Increase
2023-12-01,421.72,1.1200000000000045,Increase
2023-12-02,422.84,1.1199999999999477,Increase
2023-12-03,422.84,0.0,No Change
2023-12-04,422.84,0.0,No Change
2023-12-05,426.22,3.3800000000000523,Increase
2023-12-06,427.36,1.1399999999999864,Increase
2023-12-07,428.49,1.1299999999999955,Increase
2023-12-08,429.64,1.1499999999999773,Increase
2023-12-09,429.64,0.0,No Change
2023-12-10,429.64,0.0,No Change
2023-12-11,429.64,0.0,No Change
2023-12-12,434.23,4.590000000000032,Increase
2023-12-13,435.38,1.1499999999999773,Increase
2023-12-14,436.54,1.160000000000025,Increase
2023-12-15,437.7,1.1599999999999682,Increase
2023-12-16,438.87,1.170000000000016,Increase
2023-12-17,438.87,0.0,No Change
2023-12-18,438.87,0.0,No Change
2023-12-19,444.01,5.139999999999986,Increase
2023-12-20,445.74,1.7300000000000182,Increase
2023-12-21,447.48,1.740000000000009,Increase
2023-12-22,449.22,1.740000000000009,Increase
2023-12-23,450.97,1.75,Increase
2023-12-24,450.97,0.0,No Change
2023-12-25,450.97,0.0,No Change
2023-12-26,450.97,0.0,No Change
2023-12-27,458.03,7.059999999999945,Increase
2023-12-28,459.81,1.7800000000000296,Increase
2023-12-29,461.6,1.7900000000000205,Increase
2023-12-30,463.4,1.7999999999999545,Increase
2023-12-31,463.4,0.0,No Change
2024-01-01,463.4,0.0,No Change
2024-01-02,463.4,0.0,No Change
2024-01-03,470.66,7.260000000000048,Increase
2024-01-04,472.49,1.829999999999984,Increase
2024-01-05,474.33,1.839999999999975,Increase
2024-01-06,476.18,1.8500000000000227,Increase
2024-01-07,476.18,0.0,No Change
2024-01-08,476.18,0.0,No Change
2024-01-09,481.76,5.579999999999984,Increase
2024-01-10,483.64,1.8799999999999955,Increase
2024-01-11,485.52,1.8799999999999955,Increase
2024-01-12,487.41,1.8900000000000432,Increase
2024-01-13,489.31,1.8999999999999773,Increase
2024-01-14,489.31,0.0,No Change
2024-01-15,489.31,0.0,No Change
2024-01-16,495.04,5.730000000000018,Increase
2024-01-17,498.68,3.6399999999999864,Increase
2024-01-18,502.35,3.670000000000016,Increase
2024-01-19,506.05,3.6999999999999886,Increase
2024-01-20,509.77,3.7199999999999704,Increase
2024-01-21,509.77,0.0,No Change
2024-01-22,509.77,0.0,No Change
2024-01-23,521.1,11.330000000000041,Increase
2024-01-24,524.93,3.8299999999999272,Increase
2024-01-25,528.79,3.8600000000000136,Increase
2024-01-26,532.68,3.8899999999999864,Increase
2024-01-27,536.59,3.910000000000082,Increase
2024-01-28,536.59,0.0,No Change
2024-01-29,536.59,0.0,No Change
2024-01-30,548.52,11.92999999999995,Increase
2024-01-31,552.55,4.029999999999973,Increase
2024-02-01,556.62,4.07000000000005,Increase
2024-02-02,560.71,4.090000000000032,Increase
2024-02-03,564.83,4.1200000000000045,Increase
2024-02-04,564.83,0.0,No Change
2024-02-05,564.83,0.0,No Change
2024-02-06,577.39,12.559999999999945,Increase
2024-02-07,581.63,4.240000000000009,Increase
2024-02-08,585.91,4.279999999999973,Increase
2024-02-09,590.22,4.310000000000059,Increase
2024-02-10,594.56,4.339999999999918,Increase
2024-02-11,594.56,0.0,No Change
2024-02-12,594.56,0.0,No Change
2024-02-13,594.56,0.0,No Change
2024-02-14,594.56,0.0,No Change
2024-02-15,616.74,22.180000000000064,Increase
2024-02-16,621.28,4.539999999999964,Increase
2024-02-17,625.31,4.029999999999973,Increase
2024-02-18,625.31,0.0,No Change
2024-02-19,625.31,0.0,No Change
2024-02-20,637.54,12.230000000000018,Increase
2024-02-21,641.67,4.1299999999999955,Increase
2024-02-22,645.83,4.160000000000082,Increase
2024-02-23,650.01,4.17999999999995,Increase
2024-02-24,654.23,4.220000000000027,Increase
2024-02-25,654.23,0.0,No Change
2024-02-26,654.23,0.0,No Change
2024-02-27,667.03,12.799999999999955,Increase
2024-02-28,671.35,4.32000000000005,Increase
2024-02-29,675.7,4.350000000000023,Increase
2024-03-01,680.08,4.3799999999999955,Increase
2024-03-02,684.48,4.399999999999977,Increase
2024-03-03,684.48,0.0,No Change
2024-03-04,684.48,0.0,No Change
2024-03-05,697.88,13.399999999999977,Increase
2024-03-06,702.4,4.519999999999982,Increase
2024-03-07,706.95,4.550000000000068,Increase
2024-03-08,711.53,4.579999999999927,Increase
2024-03-09,716.14,4.610000000000014,Increase
2024-03-10,716.14,0.0,No Change
2024-03-11,716.14,0.0,No Change
2024-03-12,730.15,14.009999999999991,Increase
2024-03-13,734.88,4.730000000000018,Increase
2024-03-14,739.65,4.769999999999982,Increase
2024-03-15,744.44,4.790000000000077,Increase
2024-03-16,749.26,4.819999999999936,Increase
2024-03-17,749.26,0.0,No Change
2024-03-18,749.26,0.0,No Change
2024-03-19,758.31,9.049999999999955,Increase
2024-03-20,761.35,3.0400000000000773,Increase
2024-03-21,764.4,3.0499999999999545,Increase
2024-03-22,767.46,3.060000000000059,Increase
2024-03-23,770.54,3.0799999999999272,Increase
2024-03-24,770.54,0.0,No Change
2024-03-25,770.54,0.0,No Change
2024-03-26,779.84,9.300000000000068,Increase
2024-03-27,782.96,3.1200000000000045,Increase
2024-03-28,786.1,3.1399999999999864,Increase
2024-03-29,786.1,0.0,No Change
2024-03-30,786.1,0.0,No Change
2024-03-31,786.1,0.0,No Change
2024-04-01,786.1,0.0,No Change
2024-04-02,786.1,0.0,No Change
2024-04-03,786.1,0.0,No Change
2024-04-04,808.42,22.319999999999936,Increase
2024-04-05,811.66,3.240000000000009,Increase
2024-04-06,814.91,3.25,Increase
2024-04-07,814.91,0.0,No Change
2024-04-08,814.91,0.0,No Change
2024-04-09,824.75,9.840000000000032,Increase
2024-04-10,828.05,3.2999999999999545,Increase
2024-04-11,831.37,3.32000000000005,Increase
2024-04-12,834.7,3.330000000000041,Increase
2024-04-13,838.05,3.349999999999909,Increase
2024-04-14,838.05,0.0,No Change
2024-04-15,838.05,0.0,No Change
2024-04-16,848.17,10.120000000000005,Increase
2024-04-17,851.12,2.9500000000000455,Increase
2024-04-18,854.09,2.9700000000000273,Increase
2024-04-19,857.06,2.9699999999999136,Increase
2024-04-20,860.05,2.990000000000009,Increase
2024-04-21,860.05,0.0,No Change
2024-04-22,860.05,0.0,No Change
2024-04-23,869.07,9.020000000000095,Increase
2024-04-24,872.1,3.0299999999999727,Increase
2024-04-25,875.14,3.0399999999999636,Increase
2024-04-26,878.19,3.050000000000068,Increase
2024-04-27,881.25,3.0599999999999454,Increase
2024-04-28,881.25,0.0,No Change
2024-04-29,881.25,0.0,No Change
2024-04-30,890.49,9.240000000000009,Increase
2024-05-01,893.6,3.1100000000000136,Increase
2024-05-02,893.6,0.0,No Change
2024-05-03,899.84,6.240000000000009,Increase
2024-05-04,902.97,3.1299999999999955,Increase
2024-05-05,902.97,0.0,No Change
2024-05-06,902.97,0.0,No Change
2024-05-07,912.45,9.480000000000018,Increase
2024-05-08,915.62,3.169999999999959,Increase
2024-05-09,918.82,3.2000000000000455,Increase
2024-05-10,922.02,3.199999999999932,Increase
2024-05-11,925.23,3.2100000000000364,Increase
2024-05-12,925.23,0.0,No Change
2024-05-13,925.23,0.0,No Change
2024-05-14,934.94,9.710000000000036,Increase
2024-05-15,938.19,3.25,Increase
2024-05-16,941.46,3.269999999999982,Increase
2024-05-17,944.03,2.5699999999999363,Increase
2024-05-18,946.6,2.57000000000005,Increase
2024-05-19,946.6,0.0,No Change
2024-05-20,946.6,0.0,No Change
2024-05-21,954.36,7.759999999999991,Increase
2024-05-22,956.96,2.6000000000000227,Increase
2024-05-23,959.57,2.6100000000000136,Increase
2024-05-24,962.18,2.6099999999999,Increase
2024-05-25,964.8,2.6200000000000045,Increase
2024-05-26,964.8,0.0,No Change
2024-05-27,964.8,0.0,No Change
2024-05-28,972.71,7.910000000000082,Increase
2024-05-29,975.36,2.6499999999999773,Increase
2024-05-30,978.02,2.659999999999968,Increase
2024-05-31,980.68,2.659999999999968,Increase
2024-06-01,983.35,2.6700000000000728,Increase
2024-06-02,983.35,0.0,No Change
2024-06-03,983.35,0.0,No Change
2024-06-04,991.41,8.059999999999945,Increase
2024-06-05,994.11,2.7000000000000455,Increase
2024-06-06,996.82,2.7100000000000364,Increase
2024-06-07,999.54,2.7199999999999136,Increase
2024-06-08,1002.26,2.7200000000000273,Increase
2024-06-09,1002.26,0.0,No Change
2024-06-10,1002.26,0.0,No Change
2024-06-11,1010.47,8.210000000000036,Increase
2024-06-12,1013.23,2.759999999999991,Increase
2024-06-13,1015.99,2.759999999999991,Increase
2024-06-14,1018.75,2.759999999999991,Increase
2024-06-15,1021.53,2.7799999999999727,Increase
2024-06-16,1021.53,0.0,No Change
2024-06-17,1021.53,0.0,No Change
2024-06-18,1021.53,0.0,No Change
2024-06-19,1028.54,7.009999999999991,Increase
2024-06-20,1029.95,1.4100000000000819,Increase
2024-06-21,1029.95,0.0,No Change
2024-06-22,1029.95,0.0,No Change
2024-06-23,1029.95,0.0,No Change
2024-06-24,1029.95,0.0,No Change
2024-06-25,1037.03,7.079999999999927,Increase
2024-06-26,1038.46,1.4300000000000637,Increase
2024-06-27,1039.88,1.4200000000000728,Increase
2024-06-28,1041.31,1.4299999999998363,Increase
2024-06-29,1042.74,1.4300000000000637,Increase
2024-06-30,1042.74,0.0,No Change
2024-07-01,1042.74,0.0,No Change
2024-07-02,1047.04,4.2999999999999545,Increase
2024-07-03,1048.47,1.4300000000000637,Increase
2024-07-04,1049.91,1.4400000000000546,Increase
2024-07-05,1051.35,1.4399999999998272,Increase
2024-07-06,1052.8,1.4500000000000455,Increase
2024-07-07,1052.8,0.0,No Change
2024-07-08,1052.8,0.0,No Change
2024-07-09,1057.14,4.3400000000001455,Increase
2024-07-10,1057.14,0.0,No Change
2024-07-11,1060.04,2.8999999999998636,Increase
2024-07-12,1061.5,1.4600000000000364,Increase
2024-07-13,1062.95,1.4500000000000455,Increase
2024-07-14,1062.95,0.0,No Change
2024-07-15,1062.95,0.0,No Change
2024-07-16,1067.33,4.379999999999882,Increase
2024-07-17,1068.88,1.550000000000182,Increase
2024-07-18,1070.44,1.5599999999999454,Increase
2024-07-19,1071.99,1.5499999999999545,Increase
2024-07-20,1073.55,1.5599999999999454,Increase
2024-07-21,1073.55,0.0,No Change
2024-07-22,1073.55,0.0,No Change
2024-07-23,1078.23,4.680000000000064,Increase
2024-07-24,1079.79,1.5599999999999454,Increase
2024-07-25,1081.36,1.5699999999999363,Increase
2024-07-26,1082.93,1.5700000000001637,Increase
2024-07-27,1084.5,1.5699999999999363,Increase
2024-07-28,1084.5,0.0,No Change
2024-07-29,1084.5,0.0,No Change
2024-07-30,1089.23,4.730000000000018,Increase
2024-07-31,1090.82,1.5899999999999181,Increase
2024-08-01,1092.4,1.5800000000001546,Increase
2024-08-02,1093.98,1.5799999999999272,Increase
2024-08-03,1095.57,1.5899999999999181,Increase
2024-08-04,1095.57,0.0,No Change
2024-08-05,1095.57,0.0,No Change
2024-08-06,1100.35,4.779999999999973,Increase
2024-08-07,1101.95,1.6000000000001364,Increase
2024-08-08,1103.55,1.599999999999909,Increase
2024-08-09,1105.15,1.6000000000001364,Increase
2024-08-10,1106.76,1.6099999999999,Increase
2024-08-11,1106.76,0.0,No Change
2024-08-12,1106.76,0.0,No Change
2024-08-13,1111.58,4.819999999999936,Increase
2024-08-14,1113.2,1.6200000000001182,Increase
2024-08-15,1114.81,1.6099999999999,Increase
2024-08-16,1116.43,1.6200000000001182,Increase
2024-08-17,1117.84,1.4099999999998545,Increase
2024-08-18,1117.84,0.0,No Change
2024-08-19,1117.84,0.0,No Change
2024-08-20,1122.1,4.259999999999991,Increase
2024-08-21,1123.52,1.4200000000000728,Increase
2024-08-22,1124.94,1.4200000000000728,Increase
2024-08-23,1126.36,1.4199999999998454,Increase
2024-08-24,1127.79,1.4300000000000637,Increase
2024-08-25,1127.79,0.0,No Change
2024-08-26,1127.79,0.0,No Change
2024-08-27,1132.08,4.289999999999964,Increase
2024-08-28,1133.51,1.4300000000000637,Increase
2024-08-29,1134.95,1.4400000000000546,Increase
2024-08-30,1136.38,1.4300000000000637,Increase
2024-08-31,1137.82,1.4399999999998272,Increase
2024-09-01,1137.82,0.0,No Change
2024-09-02,1137.82,0.0,No Change
2024-09-03,1142.15,4.330000000000155,Increase
2024-09-04,1143.59,1.4399999999998272,Increase
2024-09-05,1145.04,1.4500000000000455,Increase
2024-09-06,1146.49,1.4500000000000455,Increase
2024-09-07,1147.94,1.4500000000000455,Increase
2024-09-08,1147.94,0.0,No Change
2024-09-09,1147.94,0.0,No Change
2024-09-10,1152.31,4.369999999999891,Increase
2024-09-11,1153.77,1.4600000000000364,Increase
2024-09-12,1155.23,1.4600000000000364,Increase
2024-09-13,1156.69,1.4600000000000364,Increase
2024-09-14,1158.15,1.4600000000000364,Increase
2024-09-15,1158.15,0.0,No Change
2024-09-16,1158.15,0.0,No Change
2024-09-17,1162.68,4.529999999999973,Increase
2024-09-18,1164.28,1.599999999999909,Increase
2024-09-19,1165.88,1.6000000000001364,Increase
2024-09-20,1167.48,1.599999999999909,Increase
2024-09-21,1169.08,1.599999999999909,Increase
2024-09-22,1169.08,0.0,No Change
2024-09-23,1169.08,0.0,No Change
2024-09-24,1173.9,4.820000000000164,Increase
2024-09-25,1175.51,1.6099999999999,Increase
2024-09-26,1177.12,1.6099999999999,Increase
2024-09-27,1178.74,1.6200000000001182,Increase
2024-09-28,1180.35,1.6099999999999,Increase
2024-09-29,1180.35,0.0,No Change
2024-09-30,1180.35,0.0,No Change
2024-10-01,1185.22,4.870000000000118,Increase
2024-10-02,1186.85,1.6299999999998818,Increase
2024-10-03,1188.48,1.6300000000001091,Increase
2024-10-04,1190.11,1.6299999999998818,Increase
2024-10-05,1191.74,1.6300000000001091,Increase
2024-10-06,1191.74,0.0,No Change
2024-10-07,1191.74,0.0,No Change
2024-10-08,1196.65,4.910000000000082,Increase
2024-10-09,1198.3,1.6499999999998636,Increase
2024-10-10,1199.94,1.6400000000001,Increase
2024-10-11,1201.59,1.6499999999998636,Increase
2024-10-12,1201.59,0.0,No Change
2024-10-13,1201.59,0.0,No Change
2024-10-14,1201.59,0.0,No Change
2024-10-15,1208.2,6.610000000000127,Increase
2024-10-16,1209.85,1.6499999999998636,Increase
2024-10-17,1211.2,1.3500000000001364,Increase
2024-10-18,1212.54,1.3399999999999181,Increase
2024-10-19,1213.89,1.3500000000001364,Increase
2024-10-20,1213.89,0.0,No Change
2024-10-21,1213.89,0.0,No Change
2024-10-22,1217.94,4.0499999999999545,Increase
2024-10-23,1219.29,1.349999999999909,Increase
2024-10-24,1220.64,1.3500000000001364,Increase
2024-10-25,1222.0,1.3599999999999,Increase
2024-10-26,1223.36,1.3599999999999,Increase
2024-10-27,1223.36,0.0,No Change
2024-10-28,1223.36,0.0,No Change
2024-10-29,1227.43,4.070000000000164,Increase
2024-10-30,1228.8,1.3699999999998909,Increase
2024-10-31,1230.16,1.3600000000001273,Increase
2024-11-01,1231.53,1.3699999999998909,Increase
2024-11-02,1232.9,1.3700000000001182,Increase
2024-11-03,1232.9,0.0,No Change
2024-11-04,1232.9,0.0,No Change
2024-11-05,1237.01,4.1099999999999,Increase
2024-11-06,1238.38,1.3700000000001182,Increase
2024-11-07,1238.38,0.0,No Change
2024-11-08,1241.13,2.75,Increase
2024-11-09,1242.51,1.3799999999998818,Increase
2024-11-10,1242.51,0.0,No Change
2024-11-11,1242.51,0.0,No Change
2024-11-12,1246.65,4.1400000000001,Increase
2024-11-13,1248.04,1.3899999999998727,Increase
2024-11-14,1249.42,1.3800000000001091,Increase
2024-11-15,1250.81,1.3899999999998727,Increase
2024-11-16,1252.2,1.3900000000001,Increase
2024-11-17,1252.2,0.0,No Change
2024-11-18,1252.2,0.0,No Change
2024-11-19,1252.2,0.0,No Change
2024-11-20,1256.66,4.460000000000036,Increase
2024-11-21,1257.77,1.1099999999999,Increase
2024-11-22,1258.89,1.1200000000001182,Increase
2024-11-23,1260.01,1.1199999999998909,Increase
2024-11-24,1260.01,0.0,No Change
2024-11-25,1260.01,0.0,No Change
2024-11-26,1263.37,3.3599999999999,Increase
2024-11-27,1264.49,1.1200000000001182,Increase
2024-11-28,1265.61,1.1199999999998909,Increase
2024-11-29,1266.74,1.1300000000001091,Increase
2024-11-30,1267.86,1.1199999999998909,Increase
2024-12-01,1267.86,0.0,No Change
2024-12-02,1267.86,0.0,No Change
2024-12-03,1271.25,3.3900000000001,Increase
2024-12-04,1272.38,1.1300000000001091,Increase
2024-12-05,1273.51,1.1299999999998818,Increase
2024-12-06,1274.64,1.1300000000001091,Increase
2024-12-07,1275.77,1.1299999999998818,Increase
2024-12-08,1275.77,0.0,No Change
2024-12-09,1275.77,0.0,No Change
2024-12-10,1279.17,3.400000000000091,Increase
2024-12-11,1280.31,1.1399999999998727,Increase
2024-12-12,1281.45,1.1400000000001,Increase
2024-12-13,1282.59,1.1399999999998727,Increase
2024-12-14,1283.73,1.1400000000001,Increase
2024-12-15,1283.73,0.0,No Change
2024-12-16,1283.73,0.0,No Change
2024-12-17,1286.99,3.259999999999991,Increase
2024-12-18,1287.98,0.9900000000000091,Increase
2024-12-19,1288.96,0.9800000000000182,Increase
2024-12-20,1289.95,0.9900000000000091,Increase
2024-12-21,1290.94,0.9900000000000091,Increase
2024-12-22,1290.94,0.0,No Change
2024-12-23,1290.94,0.0,No Change
2024-12-24,1293.9,2.9600000000000364,Increase
2024-12-25,1294.89,0.9900000000000091,Increase
2024-12-26,1294.89,0.0,No Change
2024-12-27,1296.88,1.990000000000009,Increase
2024-12-28,1297.87,0.9899999999997817,Increase
2024-12-29,1297.87,0.0,No Change
2024-12-30,1297.87,0.0,No Change
2024-12-31,1300.85,2.980000000000018,Increase
2025-01-01,1301.85,1.0,Increase
2025-01-02,1301.85,0.0,No Change
2025-01-03,1303.84,1.990000000000009,Increase
2025-01-04,1304.84,1.0,Increase
2025-01-05,1304.84,0.0,No Change
2025-01-06,1304.84,0.0,No Change
2025-01-07,1307.84,3.0,Increase
2025-01-08,1308.84,1.0,Increase
2025-01-09,1309.84,1.0,Increase
2025-01-10,1310.84,1.0,Increase
2025-01-11,1311.85,1.009999999999991,Increase
2025-01-12,1311.85,0.0,No Change
2025-01-13,1311.85,0.0,No Change
2025-01-14,1314.86,3.009999999999991,Increase
2025-01-15,1315.87,1.009999999999991,Increase
2025-01-16,1316.87,1.0,Increase
2025-01-17,1318.01,1.1400000000001,Increase
2025-01-18,1319.14,1.1300000000001091,Increase
2025-01-19,1319.14,0.0,No Change
2025-01-20,1319.14,0.0,No Change
2025-01-21,1322.54,3.3999999999998636,Increase
2025-01-22,1323.68,1.1400000000001,Increase
2025-01-23,1324.82,1.1399999999998727,Increase
2025-01-24,1325.96,1.1400000000001,Increase
2025-01-25,1327.1,1.1399999999998727,Increase
2025-01-26,1327.1,0.0,No Change
2025-01-27,1327.1,0.0,No Change
2025-01-28,1330.52,3.4200000000000728,Increase
2025-01-29,1331.67,1.150000000000091,Increase
2025-01-30,1332.81,1.1399999999998727,Increase
2025-01-31,1333.96,1.150000000000091,Increase
2025-02-01,1335.11,1.1499999999998636,Increase
2025-02-02,1335.11,0.0,No Change
2025-02-03,1335.11,0.0,No Change
2025-02-04,1338.55,3.4400000000000546,Increase
2025-02-05,1339.7,1.150000000000091,Increase
2025-02-06,1340.86,1.1599999999998545,Increase
2025-02-07,1342.01,1.150000000000091,Increase
2025-02-08,1343.16,1.150000000000091,Increase
2025-02-09,1343.16,0.0,No Change
2025-02-10,1343.16,0.0,No Change
2025-02-11,1346.63,3.4700000000000273,Increase
2025-02-12,1347.79,1.1599999999998545,Increase
2025-02-13,1348.95,1.1600000000000819,Increase
2025-02-14,1350.11,1.1599999999998545,Increase
2025-02-15,1351.27,1.1600000000000819,Increase
2025-02-16,1351.27,0.0,No Change
2025-02-17,1351.27,0.0,No Change
2025-02-18,1354.53,3.259999999999991,Increase
2025-02-19,1355.59,1.0599999999999454,Increase
2025-02-20,1356.64,1.050000000000182,Increase
2025-02-21,1357.69,1.0499999999999545,Increase
2025-02-22,1358.75,1.0599999999999454,Increase
2025-02-23,1358.75,0.0,No Change
2025-02-24,1358.75,0.0,No Change
2025-02-25,1361.92,3.1700000000000728,Increase
2025-02-26,1362.98,1.0599999999999454,Increase
2025-02-27,1364.04,1.0599999999999454,Increase
2025-02-28,1365.1,1.0599999999999454,Increase
2025-03-01,1366.16,1.0600000000001728,Increase
2025-03-02,1366.16,0.0,No Change
2025-03-03,1366.16,0.0,No Change
2025-03-04,1366.16,0.0,No Change
2025-03-05,1366.16,0.0,No Change
2025-03-06,1371.48,5.319999999999936,Increase
2025-03-07,1372.55,1.0699999999999363,Increase
2025-03-08,1373.61,1.0599999999999454,Increase
2025-03-09,1373.61,0.0,No Change
2025-03-10,1373.61,0.0,No Change
2025-03-11,1376.82,3.2100000000000364,Increase
2025-03-12,1377.89,1.0700000000001637,Increase
2025-03-13,1378.96,1.0699999999999363,Increase
2025-03-14,1380.03,1.0699999999999363,Increase
2025-03-15,1381.11,1.0799999999999272,Increase
2025-03-16,1381.11,0.0,No Change
2025-03-17,1381.11,0.0,No Change
2025-03-18,1384.3,3.1900000000000546,Increase
2025-03-19,1385.36,1.0599999999999454,Increase
2025-03-20,1386.42,1.0600000000001728,Increase
2025-03-21,1387.48,1.0599999999999454,Increase
2025-03-22,1388.54,1.0599999999999454,Increase
2025-03-23,1388.54,0.0,No Change
2025-03-24,1388.54,0.0,No Change
2025-03-25,1388.54,0.0,No Change
2025-03-26,1392.8,4.259999999999991,Increase
2025-03-27,1393.86,1.0599999999999454,Increase
2025-03-28,1394.93,1.0700000000001637,Increase
2025-03-29,1396.0,1.0699999999999363,Increase
2025-03-30,1396.0,0.0,No Change
2025-03-31,1396.0,0.0,No Change
2025-04-01,1399.2,3.2000000000000455,Increase
2025-04-02,1400.28,1.0799999999999272,Increase
2025-04-03,1400.28,0.0,No Change
2025-04-04,1402.42,2.1400000000001,Increase
2025-04-05,1403.49,1.0699999999999363,Increase
2025-04-06,1403.49,0.0,No Change
2025-04-07,1403.49,0.0,No Change
2025-04-08,1406.72,3.230000000000018,Increase
2025-04-09,1407.79,1.0699999999999363,Increase
2025-04-10,1408.87,1.0799999999999272,Increase
2025-04-11,1409.95,1.0800000000001546,Increase
2025-04-12,1411.03,1.0799999999999272,Increase
2025-04-13,1411.03,0.0,No Change
2025-04-14,1411.03,0.0,No Change
2025-04-15,1414.27,3.240000000000009,Increase
2025-04-16,1415.35,1.0799999999999272,Increase
2025-04-17,1417.07,1.7200000000000273,Increase
2025-04-18,1417.07,0.0,No Change
2025-04-19,1417.07,0.0,No Change
2025-04-20,1417.07,0.0,No Change
2025-04-21,1417.07,0.0,No Change
2025-04-22,1425.68,8.610000000000127,Increase
2025-04-23,1427.4,1.7200000000000273,Increase
2025-04-24,1429.13,1.7300000000000182,Increase
2025-04-25,1430.87,1.7399999999997817,Increase
2025-04-26,1432.6,1.7300000000000182,Increase
2025-04-27,1432.6,0.0,No Change
2025-04-28,1432.6,0.0,No Change
2025-04-29,1437.81,5.210000000000036,Increase
2025-04-30,1439.56,1.75,Increase
2025-05-01,1441.3,1.740000000000009,Increase
2025-05-02,1441.3,0.0,No Change
2025-05-03,1441.3,0.0,No Change
2025-05-04,1441.3,0.0,No Change
2025-05-05,1441.3,0.0,No Change
2025-05-06,1450.05,8.75,Increase
2025-05-07,1451.81,1.759999999999991,Increase
2025-05-08,1453.57,1.759999999999991,Increase
2025-05-09,1455.33,1.759999999999991,Increase
2025-05-10,1457.1,1.7699999999999818,Increase
2025-05-11,1457.1,0.0,No Change
2025-05-12,1457.1,0.0,No Change
2025-05-13,1462.4,5.300000000000182,Increase
2025-05-14,1464.17,1.7699999999999818,Increase
2025-05-15,1465.95,1.7799999999999727,Increase
2025-05-16,1467.72,1.7699999999999818,Increase
2025-05-17,1469.03,1.3099999999999454,Increase
2025-05-18,1469.03,0.0,No Change
2025-05-19,1469.03,0.0,No Change
2025-05-20,1472.96,3.9300000000000637,Increase
2025-05-21,1474.27,1.3099999999999454,Increase
2025-05-22,1475.59,1.3199999999999363,Increase
2025-05-23,1476.9,1.3100000000001728,Increase
2025-05-24,1478.22,1.3199999999999363,Increase
2025-05-25,1478.22,0.0,No Change
2025-05-26,1478.22,0.0,No Change
2025-05-27,1482.18,3.9600000000000364,Increase
2025-05-28,1483.5,1.3199999999999363,Increase
2025-05-29,1484.82,1.3199999999999363,Increase
2025-05-30,1486.14,1.3200000000001637,Increase
2025-05-31,1487.47,1.3299999999999272,Increase
2025-06-01,1487.47,0.0,No Change
2025-06-02,1487.47,0.0,No Change
2025-06-03,1491.45,3.980000000000018,Increase
2025-06-04,1492.78,1.3299999999999272,Increase
2025-06-05,1494.11,1.3299999999999272,Increase
2025-06-06,1495.44,1.3300000000001546,Increase
2025-06-07,1496.77,1.3299999999999272,Increase
2025-06-08,1496.77,0.0,No Change
2025-06-09,1496.77,0.0,No Change
2025-06-10,1500.78,4.009999999999991,Increase
2025-06-11,1502.11,1.3299999999999272,Increase
2025-06-12,1503.45,1.3400000000001455,Increase
2025-06-13,1504.79,1.3399999999999181,Increase
2025-06-14,1506.13,1.3400000000001455,Increase
2025-06-15,1506.13,0.0,No Change
2025-06-16,1506.13,0.0,No Change
2025-06-17,1506.13,0.0,No Change
2025-06-18,1510.32,4.189999999999827,Increase
2025-06-19,1511.07,0.75,Increase
2025-06-20,1511.82,0.75,Increase
2025-06-21,1511.82,0.0,No Change
2025-06-22,1511.82,0.0,No Change
2025-06-23,1511.82,0.0,No Change
2025-06-24,1514.82,3.0,Increase
2025-06-25,1515.57,0.75,Increase
2025-06-26,1516.33,0.7599999999999909,Increase
2025-06-27,1517.08,0.75,Increase
2025-06-28,1517.83,0.75,Increase
2025-06-29,1517.83,0.0,No Change
2025-06-30,1517.83,0.0,No Change
2025-07-01,1520.09,2.259999999999991,Increase
2025-07-02,1520.85,0.7599999999999909,Increase
2025-07-03,1521.6,0.75,Increase
2025-07-04,1522.36,0.7599999999999909,Increase
2025-07-05,1523.11,0.75,Increase
2025-07-06,1523.11,0.0,No Change
2025-07-07,1523.11,0.0,No Change
2025-07-08,1525.38,2.270000000000209,Increase
2025-07-09,1526.14,0.7599999999999909,Increase
2025-07-10,1526.14,0.0,No Change
2025-07-11,1527.66,1.5199999999999818,Increase
2025-07-12,1528.41,0.75,Increase
2025-07-13,1528.41,0.0,No Change
2025-07-14,1528.41,0.0,No Change
2025-07-15,1530.69,2.2799999999999727,Increase
2025-07-16,1531.45,0.7599999999999909,Increase
2025-07-17,1532.24,0.7899999999999636,Increase
2025-07-18,1533.02,0.7799999999999727,Increase
2025-07-19,1533.81,0.7899999999999636,Increase
2025-07-20,1533.81,0.0,No Change
2025-07-21,1533.81,0.0,No Change
2025-07-22,1536.16,2.3500000000001364,Increase
2025-07-23,1536.95,0.7899999999999636,Increase
